Manufacturer,Avnet Americas,Avnet Asia,Newark,Farnell,Element 14,Silica,EBV,Abacus,Entity Count,Source Names
2J Antenna,,,,,,X,,,1,
3a Logics,,,X,,,,,,1,
3M,,X,X,X,X,,,X,5,
3M Interconnect Solutions,X,,,,,,,,1,
4D Systems,,,X,X,X,,,,3,4D SYSTEMS
AAEON Technology,X,,,,,,,,1,
Aavid,,X,,,,,,,1,
AB Connectors,,,,X,X,,,,2,
ABB,,,X,X,X,,,,3,
ABB - Kopex,,,,,X,,,,1,
Abbatron,,,X,,,,,,1,
ABLIC,X,,,,,,,,1,
Abracon,X,X,X,X,X,,,X,6,
Aceinna,X,,,,,,X,,2,ACEINNA
ACI,,,X,,,,,,1,
ACL Staticide,,,X,,,,,,1,
Acme Electric,,,X,,,,,,1,
Actel,,X,,,,,,,1,
ACX Corp,,X,,,,,,,1,
Adafruit Industries,,,X,,,,,,1,
Adam Equipment,,,X,,,,,,1,
Adaptec,,X,,,,,,,1,
Adastra,,,X,,,,,,1,
Adda,,,X,,,,,,1,
Adesto Technologies,,X,X,X,,,,,3,Adesto
ADI Engineering,X,,,,,,,,1,
ADI Trinamic™,,,X,,,,,,1,
ADLINK Technology,X,,,,,,,,1,
Advance Tapes,,,X,,,,,,1,
Advanced Energy,X,,,X,,,,X,3,
Advanced Power Electronics,,X,,,,,,,1,
Advanced Sensor Technology,,,,,,,,X,1,
"Advanced Sensors, an Amphenol co.",X,,,,,,,,1,
Advanced Thermal Solutions,X,,,,,,,,1,
Advantech,X,X,X,X,X,,,X,6,ADVANTECH; Advantech Industrial
AE Power,,,,,,,,X,1,
AEL Crystals,,,,X,X,,,,2,
AEM,X,X,X,,,,,X,4,AEM Electronics
Aemc,,,X,,,,,,1,
Aeris,X,,,,,,,,1,
Aero/Conesys,,,X,,,,,,1,
AF International,,,,X,X,,,,2,
Agilent Technologies,,X,,,,,,,1,
AI-Link Technology,,X,,,,,,,1,
AIC,X,,,,,,,,1,
Aim-Cambridge,,,X,,,,,,1,
Aim-TTI,,,,X,X,,,,2,
Aim/Tti Instruments,,,X,,,,,,1,
Aimco,,,X,,,,,,1,
Aimtec,X,,X,X,X,,,X,5,
AirBorn,,,,,,,,X,1,
"Airborn, a Molex co.",X,,,,,,,,1,
Airotronics,,,X,,,,,,1,
Airpax,,,,,X,,,,1,
Aishi,,,,X,,,,X,2,
AiT Semiconductor,,X,,,,,,,1,
Aker,,,,X,X,,,,2,
Akro-Mils,,,X,,,,,,1,
Alchemy Power,,,X,,,,,,1,
"Alden, an Amphenol co.",X,,,,,,,,1,
"All Sensors, an Amphenol co.",X,,,,,,,,1,
Allegro Microsystems,,,,X,X,,,,2,
Allen,,,X,,,,,,1,
Alliance,,,,,,X,,,1,
Alliance Memory,X,X,X,X,X,,,,5,
Allied Vision,,,,,,X,,,1,
Alpha Wire,,,X,X,X,,,,3,
ALPS,,X,,,,,,,1,
Alps Alpine,X,,,X,X,,,X,4,
AltaSens,,X,,,,,,,1,
Altech,,,X,,,,,,1,
Althon,X,,,,,,,,1,
Altium,,,X,X,X,,,,3,
AM-Touch,X,,,,,,,,1,
Ambersil,,,,X,X,,,,2,
AMCC,,X,,,,,,,1,
AMD,X,X,X,X,X,X,X,X,8,AMD Xilinx
American Beauty,,,X,,,,,,1,
"American Electronic Components- AEC, Inc",,,X,,,,,,1,
American Industrial Systems (AIS),X,,,,,,,,1,
Ametek,,,,X,X,,,,2,
Ametherm,,,X,X,X,,,,3,
Amic,,,X,,X,,,,2,
Amicus,,,X,,,,,,1,
Amotech,,X,,,,,,,1,
Amperite,,,X,,,,,,1,
Amphenol,X,X,,X,X,,,X,5,
Amphenol Advanced Sensors,,,X,X,,,,,2,
Amphenol Aerospace,,,X,,,,,,1,
Amphenol Alden,,,X,,,,,,1,
Amphenol All Sensors,,,X,,,,,,1,
Amphenol Anytek,,,X,,,,,,1,
Amphenol Audio,,,X,,,,,,1,
Amphenol Cables On Demand,,,X,,,,,,1,
Amphenol Canada,,,X,,,,,,1,
Amphenol Communications Solutions,,,X,,,,,,1,
Amphenol CONEC,,,X,,,,,,1,
Amphenol Connex,,,X,,,,,,1,
Amphenol Fiber Optic,,,X,,,,,,1,
Amphenol i2s,,,X,,,,,,1,
Amphenol Industrial,,,X,,,,,,1,
Amphenol LTW Technologies Co. LTD,,,X,,,,,,1,
Amphenol PCD,,,X,,,,,,1,
Amphenol Piher,,,X,X,,,,,2,Amphenol PIHER
Amphenol RF,,,X,,,,,,1,
Amphenol SGX,,,,X,,,,,1,
Amphenol SGX Sensortech,,,X,,,,,,1,
Amphenol Sine Systems,,,X,,,,,,1,
Amphenol SSI,,,X,,,,,,1,
Amphenol SV Micro,,,X,,,,,,1,
Amphenol Tuchel,,,X,,,,,,1,
Amphenol Wilcoxon,,,X,X,,,,,2,
Ampire,X,,,,,,,X,2,
Ampleon,X,,,,,,,,1,
Amprobe,,,X,,,,,,1,
ams OSRAM,X,X,X,,X,,X,,5,AMS Osram; AMS OSRAM; AMS Osram Group
Analog Devices,,,X,,X,,,,2,Maxim Integrated / Analog Devices
AND Displays,,,X,,,,,,1,
AnDAPT,X,,,,,,,,1,
Anderson Power Products,,,X,X,X,,,,3,
Anpac Semiconductor,,X,,,,,,,1,
Ansmann,,,X,X,X,,,,3,
antenna solutions,,,,X,,,,,1,
Antenova,,,,,,X,,,1,
Antex,,,,X,X,,,,2,
"Anytec, an Amphenol co.",X,,,,,,,,1,
AOC,,,X,,,,,,1,
AOPEN Solutions,X,,,,,,,,1,
AP Memory Technology,,X,,,,,,,1,
Apacer Technology,X,,,,,,,,1,
APC by Schneider Electric,,,X,,,,,,1,
APEM,,,X,X,X,,,,3,"Apem; APEM Components, Inc."
APEX,,,X,,,,,,1,
Apex Material Technology (AMT),X,,,,,,,,1,
API Technologies- Spectrum,,,X,,,,,,1,
APM Hexseal®,,,X,,,,,,1,
Applied Concepts,X,,,,,,,,1,
Applied Research Technologies,,,X,,,,,,1,
Aptiv (Delphi),,,,,,,,X,1,
Araldite,,,,X,X,,,,2,
Aras Power Technologies,X,,,,,,,,1,
Arcoelectric,,,X,,,,,X,2,
Arcolectric / Bulgin,,,,X,X,,,,2,
Arduino,X,,X,X,X,,,,4,ARDUINO
Arduino PRO,,,,,,,X,,1,
ARM,,,X,X,X,,,,3,
Arnouse Digital Devices Corp. (ADDC),X,,,,,,,,1,
Artesyn,,X,,,,,,,1,
Artesyn Embedded Technology,,,X,X,X,,,,3,Artesyn Embedded Technologies
Artisan Controls,,,X,,,,,,1,
Aruba Networks (HP),X,,,,,,,,1,
ASI (Cooler Master),X,,,,,,,,1,
ASRock Industrial,,,,,,,,X,1,
Assmann,,,,,,,,X,1,
ASTEC,,X,,,,,,,1,
Astro Tools,,,X,,,,,,1,
Astrodyne TDI,,,X,,,,,,1,
ASUS,X,,X,,,,,,2,
Asus IoT,,,,,,,,X,1,
AT&T,X,,,,,,,,1,
Atlas Sound,,,X,,,,,,1,
Atrix International,,,X,,,,,,1,
ATTO Technology,X,,,,,,,,1,
AU Optronics (AUO),X,,,,,,,,1,
Audiopipe,,,X,,,,,,1,
AUO,,,,,,,,X,1,
Autodesk,,,X,X,,,,,2,AUTODESK
Autonics,,,X,,,,,,1,
AV Displays,,,,,,,,X,1,
Avalue Technology Inc.,,,,,,,,X,1,
Aven,,,X,,,,,,1,
Avnet,,,X,X,X,,,,3,AVNET
Avnet Embedded,,,,,,,,X,1,
Avnet Embedded Platforms Group,X,,,,,,,,1,
Axiom,,,X,,,,,,1,
Axiomtek,X,,,,,,,,1,
AZ Displays,X,,,,,,,,1,
AzureWave Technologies,X,X,,,,X,X,,4,Azurewave; AzureWave; Azurewave Technologies
B&K Precision,,,X,X,X,,,,3,B&K Precision Corporation
B&W,,,X,,,,,,1,
Balluff,,,,,X,,,,1,
Banner Engineering,,,X,X,X,,,,3,
Barco,X,,,,,,,,1,
Barrot technology,,X,,,,,,,1,
Batron,,,X,,,,,,1,
Bbc Micro:bit,,,X,X,X,,,,3,BBC MICRO:BIT; BBC Micro:bit
BCM Advanced Research,X,X,,,,,,,2,Bcm Advanced Research
BDE Technology,,X,,,,,,,1,
Beacon EmbeddedWorks (Logic PD),X,,,,,,,,1,
Beagleboard,,,X,X,X,,,,3,BEAGLEBOARD
BeagleBoard.org,X,,,,,,,,1,
Beau Tech,,,X,,,,,,1,
Beehive Electronics,,,X,,,,,,1,
Beha-Amprobe,,,,,X,,,,1,
Bel Fuse,X,X,X,X,X,,,X,6,Bel; Bel fuse; BEL Group
Bel Power Solutions,X,,,X,,,,X,3,Bel Power
Belden,,,X,X,X,,,,3,
Belkin,,,X,,,,,,1,
Belling Lee,,,,X,X,,,,2,
Bender+Wirth,,,,,,X,,,1,
Bergquist,,,,X,X,,,,2,
Bernstein,,,,X,X,,,,2,
BETA,,,,X,,,,,1,
Betatherm,,,,X,X,,,,2,
Bevco,,,X,,,,,,1,
BI Technologies/ TT Electronics,,,X,,,,,,1,
Bicc General Cable,,,X,,,,,,1,
Binder,,,,,X,,,,1,
Birtcher,,,X,,,,,,1,
Bisonic,,,,X,X,,,,2,
Bitscope,,,X,X,X,,,,3,BITSCOPE
Bivar,,,X,,,,,,1,
Bizlink,X,,,,,,,,1,
Black & Decker,,,X,,,,,,1,
Black Box Corporation,X,,X,,,,,,2,Black Box
Bliley Technologies,X,,,X,X,,,,3,
Block,,,,X,X,,,,2,
"Block Usa, Inc.",,,X,,,,,,1,
Blockmaster,,,X,,,,,,1,
Blonder Tongue,,,X,,,,,,1,
Bob Smith Industries,,,X,,,,,,1,
BOE,X,,,,,,,X,2,
Bofa,,,,X,X,,,,2,
"Bogen® Communications, Inc.",,,X,,,,,,1,
Bolymin,,X,,,,,,,1,
Bomar / Winchester Interconnect,,,X,,,,,,1,
Bomar Interconnect,,,,X,X,,,,2,
Bondhus,,,X,,,,,,1,
Bonkote,,,,X,X,,,,2,
Bopla,,,X,X,X,,,,3,
Boundary Devices,X,,,,,,,,1,
Bourns,X,X,X,X,X,,,X,6,Bourns Inc.
Box Enclosures,,,X,X,X,,,,3,
BoXZY,,,X,,,,,,1,
Boyd,,,,,,,,X,1,
Boyd/Aavid,X,,,,,,,,1,
Brad Harrison - A Molex Company,,,X,,,,,,1,
Brady,,,,X,X,,,,2,
Brady Worldwide,,,X,,,,,,1,
Brainboxes,,,X,X,X,,,,3,
Brand Rex,,,,X,X,,,,2,
Brennenstuhl,,,,X,X,,,,2,
Bridgelux,,X,X,X,X,,X,,5,
Bridgetek,,,X,X,X,,,,3,
Brighton Music,,,X,,,,,,1,
Broadcom,X,,X,X,X,,X,,5,Broadcom Limited
Broyce Control,,,,X,X,,,,2,
Bud Industries,,,X,X,X,,,,3,
Bugera,,,X,,,,,,1,
Bulgin,,,X,X,X,,,X,4,Bulgin Ltd
BUSSMAN,,X,,,,,,,1,
BYD Energy Technology,,X,,,,,,,1,
Byte Brothers,,,X,,,,,,1,
C&K,,,X,X,X,,,,3,C&K Components
Cable Technology Corp,,X,,,,,,,1,
"Cables on Demand, an Amphenol co.",X,,,,,,,,1,
"Caddock Electronics, Inc.",,,X,,,,,,1,
Cadsoft,,,X,X,,,,,2,
"CAIG Laboratories, Inc.",,,X,,,,,,1,
Cal Test Electronics,,,X,,X,,,,2,
Calex Electronics Limited,,,X,,,,,,1,
Califia Lighting,,,X,,,,,,1,
Calmark,,,X,,,,,,1,
Cambion,,,X,X,X,,,,3,
CamdenBoss,,,X,X,X,,,,3,
Canonical,X,,,,,,,,1,
Capcom,,,X,,,,,,1,
Capital Advanced Technologies Inc.,,,X,,,,,,1,
Carclo Optics,,,,X,,,,,1,
Carling Technologies,,,X,,,,,,1,
Carlo Gavazzi,,,X,X,X,,,,3,Carlo Gavazzi Inc.
Carol Cable,,,X,,,,,,1,
Cartel Industries,X,,,,,,,,1,
CCS (Custom Computer Services),,,X,,,,,,1,
CDI Torque Products,,,X,,,,,,1,
CE Labs,,,X,,,,,,1,
CEC Industries Inc.,,,X,,,,,,1,
Ceenorm,,,,X,X,,,,2,
CEL,X,,,,,,,,1,
Celduc,,,,X,X,,,,2,
Central Semiconductor,X,X,,,,,,,2,Central Semi
Ch Products,,,,,X,,,,1,
Channel Master,,,X,,,,,,1,
Chauvin Arnoux,,,,X,X,,,,2,
Chelsio Communications,X,,,,,,,,1,
Chemtronics,,,X,X,X,,,,3,
Chenbro,X,,,,,,,,1,
Chengdu Vantron Technology,X,,,,,,,,1,
Cherry,,,X,,,,,,1,
Cherry Americas,X,,,,,,,,1,
Chicago Miniature Lighting,,,X,,,,,,1,
Chilisin,,X,,,,,,,1,
Chip Quik,,,X,X,X,,,,3,
Chomerics,,,,X,X,,,,2,
CHT,,,,X,X,,,,2,
CIF,,,,X,X,,,,2,
Cinch,,,,X,X,,,,2,
Cinch Connectivity,,,X,,,,,X,2,Cinch Connectivity Solutions
Circuit Assembly,,,X,,,,,,1,
Cirrus Logic,X,X,,,,X,,,3,
Cisco Systems,,,X,,,,,,1,
Citizen,,X,X,,,,,,2,
Citizen Fine Device,,X,,,,,,,1,
Citizen Finedevice,,,,,X,,,,1,
Citizen Finetech Miyota,,,,X,,,,,1,
CK Tools,,,X,X,X,,,,3,CK TOOLS
Clare,,,X,,,,,,1,
Clever Little Box,,,,X,X,,,,2,
Cliff Electronic Components,,,X,X,X,,,,3,CLIFF Electronic
CML,,,,X,X,,,,2,
CML Innovative Technologies,,,X,X,X,,,,3,
Coherent,X,,,,,,,,1,
Coilcraft,,,,X,X,X,,,3,
Coleman Cable Inc.,,,X,,,,,,1,
Comus (Assemtech),,,X,X,X,,,,3,Comus International
Concept,,X,,,,,,,1,
ConductRF,,,X,,,,,,1,
Conec,,,,,,,,X,1,
Conesys,X,,,,,,,,1,
Conexant,,X,,,,,,,1,
congatec,X,,,,,,,,1,
Conitec Datasystems,,,X,,,,,,1,
Conser,,X,,,,,,,1,
Consolidated Electronic Wire & Cable,,,X,,,,,,1,
Control Concepts,,,X,,,,,,1,
Control Techniques (NIDEC),,,,X,X,,,,2,
Conxall,,,X,,,,,,1,
Cooler Master,,,X,,,,,,1,
Cooliance,,,X,,,,,,1,
Cooljag,X,,,,,,,,1,
Cooper Bussmann,,X,,,,,,,1,
Cooper Interconnect,,,X,,,,,,1,
CorDEX Instruments,,,X,,,,,,1,
CORERIVER,,X,,,,,,,1,
Cornell Dubilier,,,X,X,X,,,,3,
Cornell Dubilier/ Illinois Capacitor,,,X,,,,,,1,
Cosel,,,,X,,,,,1,
Coto Technology,,,X,X,X,,,,3,
Cradlepoint,X,,,,,,,,1,
Craftbot,,,X,,,,,,1,
Cramer Company,,,X,,,,,,1,
Creality 3D,,,X,,,,,,1,
Cree LED,X,X,X,X,X,X,,,6,CREE; Cree
Crescent,,,X,,,,,,1,
Crompton Instruments,,,X,,,,,,1,
Crouzet,,,,X,X,,,,2,
Crouzet Automation,,,X,X,,,,,2,CROUZET AUTOMATION
Crouzet Controls,,,X,,,,,,1,
Crouzet Motors,,,X,,,,,,1,
Crouzet Switches,,,X,,,,,,1,
CRU,X,,,,,,,,1,
Crucial TEC,,X,,,,,,,1,
Crystalfontz America,X,,,,,,,,1,
"CSB Battery Technologies, Inc.",,,X,,,,,,1,
CSPi,X,,,,,,,,1,
CTL,,,,X,,,,,1,
CTS,X,X,,,,,,X,3,"CTS (Maglab, QTI, TEWA, Tusonix)"
CUI Inc,,,X,X,X,,,X,4,CUI
"CUI, a bel company",X,,,,,,,,1,
CUSTOM COMPUTER SERVICES,,,,X,,,,,1,
Custom Power,X,,,,,,,,1,
CviLux,X,,,,,,,X,2,
Cyberpower Systems,,,X,,,,,,1,
Cymbet,,X,,,,,,,1,
Cynergy3,,,X,X,,,,,2,
Cyntec,,,,,,,,X,1,
Cyntech,,,X,,,,,,1,
Cypress,,,,X,,,,,1,
Cypress - An Infineon Technologies Company,,,X,,,,,,1,
Daniels,,,X,X,X,,,,3,
Danisense,,,X,X,X,,,,3,
"Dantona Industries, Inc.",,,X,,,,,,1,
Datacomm Electronics,,,X,,,,,,1,
Dataman,,,X,,,,,,1,
Dataram,X,,,,,,,,1,
Davies Molding,,,X,,X,,,,2,
Dawar Technologies,X,,,,,,,,1,
Dearborn/CDT,,,X,,,,,,1,
Defender Security,,,X,,,,,,1,
Delkin Devices,X,X,X,X,X,X,,,6,
Dell Technologies,X,,,,,,,,1,
Delta Electronics,X,X,,,,X,,X,4,Delta
Delta Electronics / Fans,,,X,,,,,,1,
Delta Electronics/Power,,,X,X,X,,,X,4,Delta Electronics / Power; Delta Power
Deltron,,,,X,X,,,,2,
Densitron,,,X,,,,,,1,
Desco Europe/SCS,,,,X,X,,,,2,
"Desco, Inc.",,,X,,,,,,1,
Design Gateway,,X,,,,,,,1,
Deutsch,,,X,X,X,,,,3,
Dewalt,,,X,,,,,,1,
DF Robot,,,,X,X,,,,2,DF ROBOT
DFI-Itox,X,,,,,,,,1,
DFRobot,,,X,,,,,,1,
Dialight,,,X,X,X,,,,3,
Dialog,X,,,,,,,,1,
Dialog Semiconductor - A Renesas Company,,,X,,,,,,1,
Digi International,X,X,,,,X,,,3,
Digilent,,X,X,X,X,,,,4,Digilent Inc.
Digital Innovations,,,X,,,,,,1,
Digital View,X,,,,,,,,1,
DigitalPersona,,X,,,,,,,1,
Digithead,,,X,,,,,,1,
Digitron,,,,X,X,,,,2,
Diodes Incorporated,X,X,X,X,X,X,,,6,"Diodes; Diodes Inc.; Diodes, Inc."
Dioo,,X,,,,,,,1,
DIOTEC Semiconductor,,,X,,,,,,1,
Diptronics,,,,,,,,X,1,
Display Logic,X,,,,,,,,1,
DLC Display,X,,,,,,,,1,
DMC,,,,,,,,X,1,
Dongean Optical,,,X,,,,,,1,
Dongguan China Advanced Ceramic Technology(CACT),,X,,,,,,,1,
Dow,,,,X,X,,,,2,
Dowsil,,,X,,,,,,1,
Dragonchip,,X,,,,,,,1,
Draka,,,,X,,,,,1,
Dremel,,,X,,,,,,1,
Dual-Lite/Prescolite LSP,,,X,,,,,,1,
Ducati,,,,X,X,,,,2,
Duracell,,X,X,X,X,,,,4,
Durakool,,,X,,,,,,1,
Duratool,,,X,X,X,,,,3,Duratool®
Dwyer,,,X,X,,,,,2,
DwyerOmega,X,,,,,,,,1,
DYMO,,,X,X,X,,,,3,Dymo
E Ink,X,,,,,,,,1,
E-Switch,,,X,X,X,,,,3,
E3 Displays,X,,,,,,,,1,
EA Elektro-Automatik,,,X,X,X,,,,3,EA - Elektro Automatik
Eagle Signal Controls,,,X,,,,,,1,
EAO,,,,X,X,,,,2,
EAO Switch Corporation,,,X,,,,,,1,
Easy-Up,,,X,,,,,,1,
Easybraid,,,X,,,,,,1,
Eaton,X,,X,X,X,,,X,5,Eaton (Cooper Bussman); Eaton Electronics
Eaton Bussmann,,,,,X,,,,1,
Eaton Electrical,,,X,,,,,,1,
Eaton eMobility,,,X,,,,,,1,
Eaton Interconnect,,,X,,,,,,1,
EATON MOELLER,,,,X,,,,,1,
Eaton Power Control,,,X,,,,,,1,
Eaton Tripp Lite,,,,,X,,,,1,
Eaton/Bussman,,,X,,,,,,1,
Eaton/Coiltronics,,,X,,,,,,1,
Eaton/Crouse Hinds,,,X,,,,,,1,
EBM Papst,X,,X,X,X,,,X,5,ebm papst; ebm-papst
Ecliptek,,,X,,,,,,1,
ECS,X,X,,,,,,X,3,ECS Inc.
ED2 Corp.,X,,,,,,,,1,
Edac,,,X,X,X,,,,3,Edac Inc.
Edge I&D,X,,,,,,,,1,
Edgecore Networks,X,,,,,,,,1,
Edimax,,,X,,,,,,1,
Edsyn,,,X,X,X,,,,3,EDSYN
Edwards Signaling,,,X,,,,,,1,
EGS Electrical Group,,,X,,,,,,1,
Egston - Pulse,,,,,,,,X,1,
EiKO,,,X,,,,,,1,
EIZO Technologies,X,,,,,,,,1,
ELC,,,,,X,,,,1,
Elditest,,,,,X,,,,1,
Electri-Flex Company,,,X,,,,,,1,
Electrolube,,,X,X,X,,,,3,
Electronic Hardware Corp.,,,X,,,,,,1,
Electroswitch,,,X,,,,,,1,
Elenco,,,X,,,,,,1,
Elesta Relays,,,X,,,,,,1,
Elitegroup Computer Systems,X,,,,,,,,1,
Elk Products,,,X,,,,,,1,
Elkay,,,,X,X,,,,2,
Elmos,,,,,,X,,,1,
Elmos Semiconductor SE,X,,,,,,,,1,
Elo Touch Solutions,X,,,,,,,,1,
Ember,,X,,,,,,,1,
Emerson Network Power,,X,,,,,,,1,
EMIT,,,X,,,,,,1,
Emulation Technology Inc.,,,X,,,,,,1,
Enclustra,,,,,,,X,,1,
Endicott Research Group (ERG),X,,,,,,,,1,
Endress + Hauser,,,X,X,,,,,2,
Enegizer,,,,X,,,,,1,
Energenie,,,X,,,,,,1,
Energizer®,,,X,,,,,,1,
EnerSys,,,X,,,,,X,2,Enersys
Engicam,,,,,,,,X,1,
EnOcean,,,X,,X,,,,2,Enocean
Entertainment@Amphenol,,,X,,,,,,1,
Entrelec Uk,,,,X,X,,,,2,
EOS Power,,,,X,,,,,1,
EPC Space,X,,,,,,,,1,
EPCOS (TDK),,X,X,X,X,,,,4,Epcos; EPCOS
EPIC,,,,X,X,,,,2,
Epishine,,,,X,X,,,,2,
Epson,,X,,X,X,,,,3,
EPT,,,,X,X,,,,2,
Equinox,,,X,,,,,,1,
Ericsson,X,,,,,X,,,2,
Ericsson Power Modules,,X,,,,,,,1,
Ersa,,,,X,X,,,,2,
Espressif,,,,,,,X,,1,
Essentra,,,X,,,,,,1,
Esterline Power Systems (Leach Int'l.),X,,,,,,,,1,
ETAL,,,,X,X,,,,2,
ETI Systems,,,X,,,,,,1,
Euroquartz,,,,X,X,,,,2,
EuroTec International,,,X,,,,,,1,
Eurotech,X,,,,,,,,1,
Eurotherm by Schneider Electric,,,X,,,,,,1,
EV Group (EVG),X,,,,,,,,1,
Eve Energy,,,,,,,,X,1,
Eveready,,,X,,,,,,1,
Everett Charles Technologies / Cohu,,,X,,,,,,1,
Everlight,X,X,,,,,X,,3,EVERLIGHT Electronic; Everlight Electronics
Everspin,,,,,,,X,,1,
Evervision,,,,,,,,X,1,
EVGA,X,,,,,,,,1,
Evox Rifa,,,X,,,,,,1,
Excelitas Tech,,,X,,,,,,1,
"Excelsys, an Advanced Energy Co.",X,,,,,,,,1,
Excelta,,,X,,,,,,1,
Extech Instruments,,,X,X,X,,,,3,
Eyesaver International,X,,,,,,,,1,
EZ-FLO,,,X,,,,,,1,
ezurio,,,,,,,X,,1,
Fair-Rite,,,X,X,X,,,,3,
Fairview Microwave,,,X,,,,,,1,
Fanstel,X,,,,,,,,1,
Fayalab,,,X,,,,,,1,
FCI,,X,,,,,,,1,
"FCI, an Amphenol co.",X,,,,,,,,1,
FCL Components,X,,,,,,,X,2,
FCT - A Molex Company,,,X,,,,,,1,
Federal Molding,X,,,,,,,,1,
Feit Electric,,,X,,,,,,1,
Ferroxcube,,,,X,X,,,X,3,
Festo,,,,X,X,,,,2,
Fibox,,,X,X,X,,,,3,
Filamentive,,,X,,,,,,1,
Filconn,,,X,,,,,,1,
Finder,,,,X,X,,,,2,
Finder Relays,,,X,,,,,,1,
Finisar,,X,,,,,,,1,
"Finisar, a Coherent co.",X,,,,,,,,1,
Fischer Elektronik,,,X,X,X,,,,3,
Fiskars,,,X,,,,,,1,
Flambeau,,,X,,,,,,1,
Flex,,X,,,,,,,1,
Flex Lighting Solutions,X,,,,,,,,1,
Flex Power Modules,,,,,,,,X,1,
Flip Electronics,X,,,,,,,,1,
Flir,,,,X,,,,,1,
Florida RF Labs,,X,,,,,,,1,
Fluke,,,X,X,X,,,,3,
Fluke Calibration,,,X,X,X,,,,3,
Fluke Networks,,,X,X,X,,,,3,
Flusso,,,X,X,X,,,,3,
Fordata,,,X,,,,,,1,
Forge,,,,X,,,,,1,
ForgeLight Energy,,,,,X,,,,1,
Fortex,,,,X,X,,,,2,
Fox Electronics,,X,X,X,X,,,,4,Fox
Foxconn,,,X,,,,,X,2,
Foxconn advanced,,X,,,,,,,1,
FRACTUS S.A.,,X,,,,,,,1,
Friwo,,,,X,X,,,,2,
FTDI,,,X,X,X,,,,3,
Fuji Electric,,,X,,,,,,1,
Fujipoly,,X,,,,,,,1,
Fujitsu,,X,X,X,X,,,,4,
Future Communications IC,,X,,,,,,,1,
Future Designs,X,,,,,,,,1,
GaffGun,,,X,,,,,,1,
Gaggione,,,,,,X,,,1,
Gardtec,,,X,,,,,,1,
Garrett,,,X,,,,,,1,
Gateworks,X,,,,,,,,1,
GCT (Global Connector Technology),,,X,X,X,,,,3,GCT
GE Power,,X,,,,,,,1,
Gedore,,,,X,X,,,,2,GEDORE
GEMS Sensors,,,,X,X,,,,2,
"Gems Sensors & Controls, Inc.",,,X,,,,,,1,
General Cable,,,X,,,,,,1,
General Devices,,,X,,,,,,1,
General Electrical Touch,X,,,,,,,,1,
General Tools,,,X,,,,,,1,
GeneralTouch Technology,,,,,,,,X,1,
Genesic,,,X,X,X,,,,3,Genesic Semiconductor; GenesSiC Semi
Genteq,,,X,,,,,,1,
GET,,,,,,,,X,1,
GIGABYTE Global,X,,,,,,,,1,
GigaIPC,,,,,,,,X,1,
GigOptix,,X,,,,,,,1,
Gizmosphere,,,X,,,,,,1,
Glenair,X,X,X,X,X,,,X,6,
Global Mixed-mode,,X,,,,,,,1,
Global Specialties,,,X,,,,,,1,
Gold Line,,,X,,,,,,1,
GOLDX,,,X,,,,,,1,
Gowanda,,,,,,,,X,1,
GP Batteries,,,,,,,,X,1,
GP Battery,,X,,,,,,,1,
Grace Technologies,,,X,,,,,,1,
GraspIO,,,X,,,,,,1,
Grayhill,X,,X,X,X,,,X,5,Grayhill Inc.
Greenconn,X,X,,,,,,X,3,
Greenlee,,,X,,,,,,1,
Greenlee Communications,,,,X,X,,,,2,
Greenliant,X,X,,,,X,,,3,
GRI,,,X,,,,,,1,
Grip Tools,,,X,,,,,,1,
Groupgets LLC,,,X,,,,,,1,
GSI Technology,X,X,,,,X,,,3,
Guardian Electric,,,X,,,,,,1,
GUNZE,X,,,,,,,,1,
GW Instek,,,X,X,X,,,,3,
H&D Wireless,,,,,,X,,,1,
Hailo,,,,,,,X,,1,
HALO Electronics,X,,,,,X,,,2,Halo Electronics
Halo Microelectronics,,X,,,,,,,1,
Hamlin,,,,X,,,,,1,
Hammond,,,,X,X,,,,2,
Hammond Manufacturing,,,X,,,,,,1,
Hammond Power Solutions,,,X,X,X,,,,3,
Hand Held Products,X,,,,,,,,1,
Hangman,,,X,,,,,,1,
HannStar,,,,,,,,X,1,
Harmon,,,X,,,,,,1,
Harting,,,X,X,X,,,,3,
Harwin,,X,X,X,X,,,X,5,
Hellermann Tyton,,,,X,X,,,,2,
HellermannTyton,,,X,,,,,,1,
Henkel Loctite,,,,X,X,,,,2,
Herga,,,,X,X,,,,2,
Hewlett Packard (HPE),X,,,,,,,,1,
HID/Crossmatch,X,,,,,,,,1,
Higgstec,X,,,,,,,,1,
High Top Precision Electronic,,X,,,,,,,1,
Hikvision,,,X,,,,,,1,
Hirose,X,X,X,X,,,,X,5,
Hirschmann,,,X,X,X,,,,3,
Hirschmann Test & Measurement,,,,X,X,,,,2,
Hitachi,,,X,,,,,,1,
HKC,X,,,,,,,,1,
Hoffman,,,X,X,X,,,,3,
Hoffman Schroff,,X,,,,,,,1,
HOJY,,X,,,,,,,1,
Holland Electronics,,,X,,,,,,1,
Holtek,,X,,,,,,,1,
Honeywell,,,X,X,X,,,,3,
Horizon Robotics,,X,,,,,,,1,
Hosa,,,X,,,,,,1,
Hoyt Electrical Instruments,,,X,,,,,,1,
"HP, Inc.",X,,,,,,,,1,
HRS (Hirose),,,,X,X,,,,2,
Hubbell Wiring Device-Kellems,,,X,,,,,,1,
Hubbell Wiring Devices,,,,X,X,,,,2,
Huber & Suhner,,,,X,,,,,1,
Huber + Suhner,,,,,X,,,,1,
Huizhong Instrument,,X,,,,,,,1,
Hummel,,,,X,X,,,,2,
Hylec,,,,X,X,,,,2,
Hynix,,,,X,,,,,1,
IAC Industries,,,X,,,,,,1,
IBASE Technology (USA) Inc.,X,,,,,,,,1,
IBM,X,,,,,,,,1,
Ico-Rally,,,X,,,,,,1,
ICY DOCK,,,X,,,,,,1,
Ideal,,,X,,,,,,1,
Ideal Networks,,,,X,X,,,,2,
Ideal Power,,,,X,X,,,,2,
Ideal-Tek,,,X,X,X,,,,3,IDEAL-TEK
IDEC,,,X,X,X,,,,3,
IDT,,X,,,,,,,1,
IDT – A Renesas Company,,,X,,,,,,1,
IEI,,,,,,,,X,1,
IEI Integration,X,,,,,,,,1,
IET,,,X,,,,,,1,
II-VI (Finisar),X,,,,,,,,1,
II-VI | Coherent,,,,,,X,,,1,
Ikalogic,,,,X,X,,,,2,
iLive,,,X,,,,,,1,
Illinois Capacitor/Cornell Dubilier,,,X,,,,,,1,
ILME,,,,X,X,,,,2,
"ILS Technology, a Telit Company",X,,,,,,,,1,
ILSI,,,X,,,,,,1,
Imlec/Inter-Market,,,X,,,,,,1,
IMO,,,,X,,,,,1,
IMO Precision Controls,,,X,X,X,,,,3,
indie Semiconductor,X,,,,,,,,1,
Industrial Shields,,,,X,X,,,,2,INDUSTRIAL SHIELDS
Industrial Timer Company,,,X,,,,,,1,
Infineon,X,X,X,X,X,,X,,6,Infineon Technologies
Ingram Micro,X,,,,,,,,1,
Inland,,,X,,,,,,1,
Innocom,,X,,,,,,,1,
Innodisk,X,,,,,,,,1,
Innodisplay Solution,,,,,,,,X,1,
Innolux,X,,,,,,,X,2,
Innovista,,,X,,,,,,1,
iNRCORE,,,,,,,,X,1,
Insight SIP,,,,,,X,,,1,
INSTORESCREEN (Lenovo),X,,,,,,,,1,
Insulated Tools Ltd (ITL),,,,X,,,,,1,
Intel,X,,,X,X,,X,X,5,INTEL
Intel/Lantiq,X,,,,,,,,1,
Intelligent Horticultural Solutions,,,,X,,,,,1,
Intelligent LED Solutions,,,,X,X,,,,2,
Inteltronic,X,,,,,,,,1,
Intronics,,,X,,,,,,1,
InvenSense,,X,X,,,,,,2,Invensense
Inventek Systems,X,,,,,,,,1,
Inventronics,,,,,,X,X,,2,
Io Audio Technologies,,,X,,,,,,1,
Iogear,,,X,,,,,,1,
IoTecha,,,,,,,X,,1,
IQD Frequency Products,,,,X,X,,,,2,
IRC/TT Electronics,,,X,,,,,,1,
Irisys,,,,X,X,,,,2,
Iroda,,,X,X,X,,,,3,
Isocom,,,,X,X,,,,2,
ISORG,,X,,,,,,,1,
ISSI,X,X,,X,X,X,,,5,Integrated Silicon Solution (ISSI)
IST,,,,X,,,,X,2,
IST Innovative Sensor Technology,,,,,X,,,,1,
Italcoppie,,,,,,,,X,1,
itSoftware,X,,,,,,,,1,
ITT Cannon,,X,X,X,X,,,X,5,ITT Industries/Cannon
ITT Interconnect Solutions,X,,,,,,,,1,
ITW Chemtronics,,,X,,,,,,1,
ITW Mcmurdo,,,,X,X,,,,2,
ITW Switches,,,X,X,X,,,X,4,
ITW Tech Spray,,,X,,,,,,1,
IXYS Semiconductor,,,X,X,X,,,,3,IXYS
J.W. Miller/Bourns,,,X,,,,,,1,
Jabil Cutting Tools,,,,X,X,,,,2,
Jacob,,,,X,X,,,,2,
Jaeger,,,,X,X,,,,2,
"Japan Display, Inc. (JDI)",X,,,,,,,,1,
jb Capacitors,,,X,,,,,,1,
JBL Professional,,,X,,,,,,1,
JDI / KOE,,,,,,,,X,1,
JDI Taiwan Kaohsiung Branch (JDIT-K),X,,,,,,,,1,
JDI Technologies,,,X,,,,,,1,
Jetway Computer,X,,,,,,,,1,
Jiazhi Chemical,,X,,,,,,,1,
JJ Electronic,,,X,,,,,,1,
JKL Components,,,X,,,,,,1,
Johanson Dielectrics,,,X,,,,,,1,
Johanson Technology,,X,X,X,X,,,,4,Johanson
Johnson,,,X,X,X,,,,3,
Johnson Electric,,,X,,,,,,1,
Johnson Electric / Saia-Burgess,,,,X,X,,,,2,
Joinsoon Electronics,,X,,,,,,,1,
Jokari,,,,X,X,,,,2,JOKARI
Jonard Industries,,,X,,,,,,1,
JSC Wire & Cable,,,X,,,,,,1,
JST (Japan Solderless Terminals),,,X,X,X,,,,3,
Karson,,,,,,,,X,1,
KEIL (tools by Arm),,,X,X,,,,,2,Keil
Keithley,,,,X,X,,,,2,
Keithley Instruments,,,X,,,,,,1,
Keller,,,,,X,,,,1,
KEMET,X,X,X,X,X,,,X,6,Kemet
Kentec Display,,,X,,,,,,1,
Kester Solder,,,X,,,,,,1,
Keysight Technologies,X,,X,X,X,,,,4,
Keystone,,,X,X,X,,,,3,
Keyswitch,,,,X,X,,,,2,
Kingbright,,X,,X,X,,,X,4,
Kings / Winchester Interconnect,,,X,,,,,,1,
Kingstate,,,,X,X,,,X,3,
Kingston,X,X,X,,,X,,,4,Kingston Technology
KingTool,,,X,,,,,,1,
Kionix,,,X,X,X,,,,3,
Kioxia,X,X,,,,,X,,3,KIOXIA
Kitronik,,,X,X,X,,,,3,KITRONIK
Klein Tools,,,X,X,X,,,,3,
Knipex,,,X,X,X,,,,3,KNIPEX
knitter switch,X,,,X,X,,,X,4,Knitter-Switch
Koa,,X,,X,X,,,X,4,KOA
Kontron,X,,,,,,,X,2,
Kopex,,,,X,,,,,1,
KORE,X,,,,,,,,1,
KorenixUSA,,,X,,,,,,1,
Koss,,,X,,,,,,1,
Kroy® LLC,,,X,,,,,,1,
Kunbus,,,,X,X,,,,2,
Kvaser,,,X,X,,,,,2,
Kycon,,,,X,X,,,X,3,
Kyocera,,,,,,,,X,1,
Kyocera AVX,X,X,X,X,X,,,X,6,"AVX; AVX / Kyocera; AVX, KYOCERA AVX; AVX/Kyocera; KYOCERA AVX"
L-Com,,,X,X,,,,,2,L-COM
L.S. Starrett,,,X,,,,,,1,
Labfacility,,,X,X,X,,,,3,
Laird,,X,X,X,X,,,X,5,Laird Technologies
Lambda,,,X,,,,,,1,
Lanner,,,,,,,,X,1,
Lantiq,,X,,,,,,,1,
Lantronix,,,X,,,,,,1,
Lanzar,,,X,,,,,,1,
Lapp Group,,,X,,,,,,1,
Lapp Kabel,,,,X,X,,,,2,
Lascar Electronics,,,X,X,X,,,,3,Lascar
Lattice Semiconductor,,,X,X,X,,,,3,
Laurel Electronics Inc.,,,X,,,,,,1,
LCR Components,,,,X,X,,,,2,
Leadertech,,,X,,,,,,1,
Leatherman,,,X,,,,,,1,
Ledengin,,,,X,X,,,,2,
Ledexon Modulur,,,,X,,,,,1,
LEDiL,X,,X,X,X,X,,,5,LEDIL; Ledil
Legacy Electronics,X,,,,,,,,1,
Legrand/Wiremold,,,X,,,,,,1,
LEM,,,X,X,X,,,,3,
Lemo,,,,X,X,,,,2,
Lenovo,X,,,,,,,,1,
Leopard Imaging,X,,,,,,,,1,
Leshan Radio Company,,X,,,,,,,1,
LG Display,X,,,,,,,,1,
LG Displays,,,,,,,,X,1,
Lifud,,,,,,X,,,1,
Lightech,,,,X,,,,,1,
Lin Engineering,,,X,,,,,,1,
Lindstrom,,,,X,X,,,,2,LINDSTROM
Linemaster,,,X,,,,,,1,
Linksys,,,X,,,,,,1,
Lintest Systems,,,X,,,,,,1,
LISTA,,,X,,,,,,1,
LITE-ON Technology,X,X,,,,,,,2,Lite-On
Litemax,X,,,,,,,X,2,LITEMAX
Littelfuse,,,X,X,X,,,,3,
Loctite®,,,X,,,,,,1,
Logi,,,X,,,,,,1,
LOGIC Technologies,X,,,,,,,,1,
Logisys,,,X,,,,,,1,
Logitech,,,X,,,,,,1,
Logtag,,,X,,,,,,1,
Lorlin,,,,X,X,,,,2,
LPS,,,X,,,,,,1,
LS Research LLC,,X,,,,,,,1,
"LTW, an Amphenol co.",X,,,,,,,,1,
Lufkin,,,X,,,,,,1,
Lulzbot,,,X,,,,,,1,
Lumberg,,,,X,X,,,,2,
Lumberg Automation,,,X,X,X,,,,3,
Lumberg Connectors,,,X,,,,,,1,
Lumex,,,X,X,X,,,,3,
Lumileds,,X,X,X,X,X,,,5,Philips Lumileds
Luminus Devices,X,X,,,,,X,,3,Luminus
Lumissil (ISSI),X,,,,,X,X,,3,ISSI Lumissil; Lumissil Microsystems
Lutronic,,,X,,,,,,1,
LUXO Microscopes by Unitron,,,X,,,,,,1,
Lyontek,,,,X,X,,,,2,
M Jay,,,,X,X,,,,2,
Macroblock,,X,,,,,,,1,
Macromatic,,,X,,,,,,1,
Macronix,X,X,X,,,X,,,4,
Madison Cable,,,X,,,,,,1,
Magnet-Schultz,,,X,,,,,,1,
Majestic,,,X,,,,,,1,
MakerGear,,,X,,,,,,1,
"Mallory Sonalert® Products, Inc.",,,X,,,,,,1,
MAPS,,X,,,,,,,1,
Marathon Special Products,,,X,X,X,,,,3,Marathon® Special
Marl,,,X,X,X,,,,3,MARL
Marquardt,,,,X,X,,,,2,
Martin Smt,,,,X,X,,,,2,
Marvell,X,X,,,,X,,,3,
Mascot,,,,X,X,,,,2,
Master Appliance,,,X,,,,,,1,
MATHWORKS,,,,X,,,,,1,
MATRIX Labs,,,X,X,X,,,,3,MATRIX LABS; Matrix Labs
Matrox,X,,,,,,,,1,
Maxell,,,X,,,,,,1,
MaxLinear,X,,,,,X,,,2,Maxlinear
MaxLinear/Exar,,,,X,,,,,1,
Maxon Motor,,,,X,X,,,,2,
McAfee,X,,,,,,,,1,
Mckee Hagborg Connectors,,,,X,X,,,,2,McKee Hagborg Connectors
McLean,,,X,,,,,,1,
MCM Audio Select,,,X,,,,,,1,
MCM Custom Audio,,,X,,,,,,1,
McWong (now mwConnect),X,,,,,,,,1,
Mean Well,X,,,X,X,,,,3,MEAN WELL
MeanWell,,,X,,,,,,1,
Measurement Specialties,,X,,,,,,,1,
Measurement Specialties/ TE,,,X,,,,,,1,
Mechatronix,,,,,,X,,,1,
"Medium One, Inc",,X,,,,,,,1,
Mega Electronics,,,X,,,,,,1,
Megger,,,X,X,X,,,,3,Megger®
MegiQ,,,,X,X,,,,2,
Meilhaus,,,,X,X,,,,2,
Memsic,,X,,,,,,,1,
Menda,,,X,,,,,,1,
MENTOR,,,,,X,,,,1,
Mercury Systems,,,,,,X,,,1,
Mercury United,,,X,,,,,,1,
Mersen / Ferraz Shawmut,,,,X,X,,,,2,
Metcal,,,X,X,X,,,,3,
Metcase,,,,X,X,,,,2,
Methode,,,X,,,,,,1,
Metrix,,,,X,X,,,,2,
Metro Datavac/,,,X,,,,,,1,
Metropolitan Vacuum Cleaner,,,X,,,,,,1,
Metway Electrical Industries,,,,X,X,,,,2,
Metz Connect,,,X,X,X,,,,3,
MG Chemicals,,,X,X,X,,,,3,
MG Electronics,,,X,,,,,,1,
MH Connectors,,,X,X,X,,,,3,
Micrel,,,,X,,,,,1,
Micro Commercial Components,,,X,X,X,,,,3,Micro Commercial Components (MCC)
Micro Crystal,,,,X,X,,,X,3,
"Micro-Star International Co., Ltd",X,,,,,,,,1,
Microchip,X,X,X,X,X,X,X,,7,
Micron,X,X,X,X,X,X,X,,7,Micron/Numonyx
Microsoft,X,X,X,,,,,,3,
Micross Components,X,,,,,,,,1,
Microstack,,,X,,,,,,1,
Microtherm,,,,,X,,,,1,
Microtips Technology,X,,,,,,,X,2,
Midas Displays,,,X,,,,,,1,
Midlite Products,,,X,,,,,,1,
Midé Technology,X,,,,,,,,1,
Mier Products,,,X,,,,,,1,
MIKROE,X,,,,,,,,1,
MikroElektronika,,,X,X,X,,,,3,
Mildex,,,,,,,,X,1,
Mildex Optical,X,,,,,,,,1,
Mill Max,,,X,X,X,,,,3,Mill-Max
Miller,,,,X,X,,,,2,
Milwaukee Tool,,,X,,,,,,1,
MiroMico,,,,,,X,,,1,
MiTAC,X,,,,,,,,1,
Mitsubishi,,,X,X,X,,,,3,
Mitutoyo,,,X,,,,,,1,
MMB Networks,X,,,,,,,,1,
MMD Components,,X,X,,,,,,2,MMD
Mobiletek,,X,,,,,,,1,
Molex,X,X,X,X,,,,X,5,
Molykote,,,,X,X,,,,2,
Monacor,,,X,,,,,,1,
Monolithic Power Systems,X,X,X,X,X,X,,,6,Monolithic Power Systems (MPS)
Moons,,,,,,X,,,1,
MOONS' Industries America,X,,,,,,,,1,
Moto Mods,,,X,,,,,,1,
Motorola Two-Way Radio,,,X,,,,,,1,
Mountz,,,X,X,X,,,,3,MOUNTZ
MPE-Garry,,,,,,,,X,1,
MSi (Micro-Star International),X,,,,,,,X,2,MSI
MSI Rugged,,,,,,,,X,1,
Mueller Electric,,,X,X,X,,,,3,
Multicomp,,,X,X,X,,,,3,
Multicomp Pro,,,X,X,X,,,,3,
Multicore / Loctite,,,X,X,X,,,,3,Multicore/Loctite
Multimec,,,,X,X,,,,2,
Multimetrix,,,,X,X,,,,2,
MultiTech,X,,,,,,,,1,
Murata,X,X,X,X,X,,X,X,7,muRata
Murata Power Solutions,,,X,X,X,,,X,4,Murata Power; muRata Power Solutions
Muxlab,,,X,,,,,,1,
"mwConnect, a McWong co.",X,,,,,,,,1,
Myrra,,,,X,X,,,,2,
Nanov Display,X,,,,,,,,1,
NanoXplore,,,,,,,X,,1,
NATIONAL INSTRUMENTS,,,,X,,,,,1,
Navitas,X,,X,,,X,,,3,Navitas Semiconductor
NDK,,X,,,,,,,1,
Nebo,,,X,,,,,,1,
NEC,,,,X,X,,,,2,
NELSON-MILLER,,X,,,,,,,1,
Nephovision Technology,,X,,,,,,,1,
Neutrik,,,X,X,X,,,,3,
New Concept Tool,,,X,,,,,,1,
New Energy,X,,,,,,,,1,
Newer Technology,,,X,,,,,,1,
Newhaven Displays,X,,,,,,,,1,
NEX Computer,X,,,,,,,,1,
Nexans,,,,X,,,,,1,
"NEXCOM International Co., LTD.",X,,,,,,,,1,
Nexensos,,,,,,,,X,1,
Nexperia,X,X,X,X,X,X,X,,7,
NI,,,X,X,X,,,,3,NI (National Instruments)
NIC Components,X,X,X,,,,,X,4,NIC
Nichicon,,X,X,X,X,,,X,5,
Nicholson,,,X,,,,,,1,
Nidec Components,X,,,,X,,,X,3,Nidec
Nidec Copal,,,X,X,,,,,2,
Nidec-Shimpo,,,X,,,,,,1,
Ningbo Water Meter,,X,,,,,,,1,
Nippon Chemi-Con,,X,X,,,,,X,3,Chemi-Con; United Chemi-Con
Nisshinbo,X,,,,,,X,,2,
Nkk Switches,,,X,X,X,,,,3,NKK Switches
NMB,,,X,X,X,,,,3,NMB Technologies Inc.
Norcomp,,,X,X,X,,,,3,NorComp
Nordic Semiconductor,X,X,X,X,X,X,,,6,Nordic; NORDIC Semiconductor
Noritake Itron,,,X,,,,,,1,
Northwest Logic,,X,,,,,,,1,
Noshok,,,X,,,,,,1,
"Novasensor, an Amphenol co.",X,,,,,,,,1,
Nsf (Controls),,,,X,X,,,,2,
NTE Inc.,,,X,,,,,,1,
Nuventix,,X,,,,,,,1,
Nuvoton,,X,,,,,,,1,
NVE,,,X,X,X,,,,3,NVE Corporation
nVent (Schroff),,,,X,,,,,1,
nVent Hoffman,,,X,,,,,,1,
nVent Schroff,,,X,X,X,,,X,4,
NXP,X,X,X,X,X,X,X,X,8,NXP Semiconductors
Octavo Systems,X,,,,,X,,,2,
ODU USA,X,,X,,,,,,2,
OEP (Oxford Electrical Products),,,,X,X,,,,2,
Ohmite,,,,X,X,,,,2,
Ohmite / Davies Molding,,,,X,,,,,1,
OK Industries,,,X,,,,,,1,
OK International,,,X,,,,,,1,
OKW,,,,X,X,,,,2,
Olimex,,,,X,X,,,,2,OLIMEX
OMC,,,X,,,,,,1,
Omega,,,X,X,X,,,,3,
Omni Lighting Systems,,,X,,,,,,1,
OmniMount,,,X,,,,,,1,
OmniOn Power,X,,,,,,,X,2,
Omnitek,,X,,,,,,,1,
Omron,X,,X,X,X,,,X,5,OMRON; Omron Electronic Components
Omron Industrial Automation,,,X,X,X,,,,3,Omron Automation
OnBoard Security,,X,,,,,,,1,
One For All,,,X,,,,,,1,
One Stop Systems,X,,,,,,,,1,
onsemi,X,X,X,X,X,X,X,,7,Onsemi
ONYX Healthcare,X,,,,,,,,1,
OpenH.IO,,,X,,,,,,1,
Optek Technology,,,,X,X,,,,2,
Optek/TT Electronics,,,X,,,,,,1,
Optex,,,X,,,,,,1,
Opto 22,,,X,X,X,,,,3,OPTO 22
Orangecrab,,,,X,,,,,1,
Orient Components,,X,,,,,,,1,
Orion Fans,,,X,,,,,,1,
Orion-Knight,,,X,,,,,,1,
Oscium,,,X,,,,,,1,
OSEPP,,,X,,,,,,1,
Osram Opto Semiconductors,,,,X,,,,,1,
Osram Sylvania,,,X,,,,,,1,
OSSI,,,,X,,,,,1,
Otava,X,,,,,,,,1,
Otto Controls,,,,X,X,,,,2,
Pace,,,,,X,,,,1,
Pacel,,,,X,,,,,1,
Pacific Illumination,,,X,,,,,,1,
PacTec,,,X,,,,,,1,
Paladin Tools/ Connectool,,,X,,,,,,1,
Panasonic,X,X,X,X,X,X,,X,7,Panasonic Electric Works; Panasonic Electronic Components; Panasonic Industrial Devices; Panasonic®
Panavise,,,X,,,,,,1,
Panduit,X,,X,X,X,,,,4,
Panjit International,,X,,,,X,,,2,Panjit
Parade Technology,X,,,,,,,,1,
Parallax,,,X,X,X,,,,3,PARALLAX
Paramit,X,,,,,,,,1,
Particle,,,X,X,,,,,2,PARTICLE
Pass & Seymour,,,X,,,,,,1,
"PCD, an Amphenol co.",X,,,,,,,,1,
Peak,,,,X,X,,,,2,
Peerless-AV,X,,,,,,,,1,
Pelco (Trimax),,,,X,,,,,1,Pelco
Peltec,,,X,,,,,,1,
Penn Elcom,,,,X,X,,,,2,
Pentair,,X,,,,,,,1,
Pepperl+Fuchs,,,X,X,X,,,,3,Pepperl + Fuchs
Pericom Semiconductor,X,,,,,,,,1,
Perinet,,,X,,,,,,1,
Pervasive Displays INC.,,,,,,,,X,1,
Phoenix Contact,,,,X,X,,,X,3,
Phoenix Semiconductor,X,,,,,,,,1,
PHYTEC,X,,,,,,,,1,
PI-TOP,,,,X,,,,,1,
Pickering,,,X,,X,,,,2,
Pico Technology,,,,X,X,,,,2,
Piera Systems,,,X,X,,,,,2,Piera
"Piher Sensors and Controls, an Amphenol co.",X,,,,,,,,1,
Pimoroni,,,,X,X,,,,2,PIMORONI
Planar Systems,X,,,,,,,,1,
Plunify,,X,,,,,,,1,
PMK,,,,,X,,,,1,
PNY,X,,,,,,,,1,
Pomona,,,,X,X,,,,2,
Portasol,,,,X,X,,,,2,
Portwell,X,,,,,,,,1,
Positronic,,,X,,,,,,1,
Power Adhesives,,,,X,X,,,,2,
Power Integrations,X,X,,X,X,,X,,5,
Powerex,,,,X,X,,,,2,
Powertip Technology,X,,,,,,,X,2,Powertip
Preci-Dip,,,,X,X,,,X,3,PRECI-DIP
Prehkeytec,,,,X,X,,,,2,
Premier Magnetics,,,,,,,,X,1,
Pro Elec,,,,X,X,,,,2,
Pro Power,,,,X,X,,,,2,
Pro Signal,,,,X,X,,,,2,
Procell (Duracell),,,,,,,,X,1,
ProGrAnalog,X,,,,,,,,1,
PROMISE Technology,X,,,,,,,,1,
PUI Audio,X,X,,X,X,,,X,5,
Pulse Electronics,,X,X,X,X,,,X,5,Pulse
Pulse/Yageo,X,,,,,,,,1,
Pulser,,X,,,,,,,1,
Pyramid,,,X,,,,,,1,
QFX,,,X,,,,,,1,
Qinlon,,,,,,,,X,1,
Qlogic,,X,,,,,,,1,
Qorvo,X,X,X,,X,X,,,5,QORVO; RFMD
Quadrangle Products,X,,,,,,,,1,
Quail Electronics,,,X,,,,,,1,
Qualcomm RF360,X,,,,,X,,,2,Qualcomm-RF360
Qualtek,,,X,,,,,,1,
Quam-Nichols,,,X,,,,,,1,
Quanta Cloud Technology (QCT),X,,,,,,,,1,
Quantum Storage Systems,,,X,,,,,,1,
Quectel,X,X,,,,X,,,3,Quectel Wireless
Quick Soldering Products,,,X,,,,,,1,
QuickLogic,,X,,,,,,,1,
Radiall,X,,,X,X,,,,3,
Radio Design Labs,,,X,,,,,,1,
Radisys,X,,,,,,,,1,
RAF Electronic Hardware,,,X,,,,,,1,
Rafi,,,,X,X,,,,2,
Raise3D,,,X,,,,,,1,
Raltron,,,X,,,,,,1,
Ramtron,,,X,,,,,,1,
Raspberry Pi,,,X,X,X,,,,3,RASPBERRY-PI
Rawn,,,X,,,,,,1,
Rayovac,,,X,,,,,,1,
Rayprus,X,,,,,,,,1,
Raytac,,X,,,,X,,,2,
Raytech,,,,X,X,,,,2,
RCA,,,X,,,,,,1,
RCD (Resistors Coils Delaylines),,,X,,,,,,1,
RCL Display Limited,,,,,,,,X,1,
REAN,,,X,,,,,,1,
Recom,,,X,X,X,,,,3,RECOM Power
Red Lion,,,,X,X,,,,2,
Red Lion Controls,,,X,,,,,,1,
RedBearLab,,,X,,,,,,1,
Refond,,X,,,,,,,1,
RelaJet Tec,,X,,,,,,,1,
Releco,,,,X,X,,,,2,
Renesas,X,X,X,X,X,X,X,X,8,Renesas Electronics
Rennsteig,,,,X,X,,,,2,RENNSTEIG
RF Solutions,,,X,X,X,,,,3,RF SOLUTIONS
RF360,,X,,,,,,,1,
RFbeam,,,,,,,X,,1,
Rhino Products,,,X,,,,,,1,
Richco,,,,X,,,,,1,
Richtek,,,X,X,X,,,,3,
RICOH Electronic Devices,,X,,,,,,,1,
RIGOL,,,X,,,,,,1,
RIoT Board,,,X,,,,,,1,
Rip-Tie,,,X,,,,,,1,
Rittal,X,,,X,X,,,,3,
RMS,X,,,,,,,,1,
Robox®,,,X,,,,,,1,
Rochester Electronics,,X,,,,,,,1,
Rohde & Schwarz,,,X,X,X,,,,3,
ROHM,,X,X,X,X,X,,,5,Rohm; ROHM Semiconductor
Roline,,,,X,X,,,,2,
Ronning Research,X,,,,,,,,1,
Rose,,,X,X,X,,,,3,
Roxburgh,,,,X,X,,,,2,
Roxburgh EMC,,,,X,X,,,,2,
Roxspur / TT Electronics,,,X,,,,,,1,
Rozalex,,,,X,X,,,,2,
RPM-Tronics,X,,,,,,,,1,
RRC,,,,,,,,X,1,
Rubbermaid,,,X,,,,,,1,
Rubycon,,,X,X,X,,,,3,
Ruko,,,,X,X,,,,2,RUKO
Safety First Aid,,,,X,X,,,,2,
Safety Technology International,,,X,,,,,,1,
Safran,,,X,,,,,,1,
Safran Sensing Technologies,X,,,,,,,,1,
SAM Labs,,,X,,,,,,1,
Samlex America,,,X,,,,,,1,
Samsung,X,,,X,X,,X,X,5,Samsung Semiconductor (SSI)
Samsung Electro-Mechanics,X,,X,,,,,,2,
Samsung LED,,X,,,,,,,1,
Samtec,X,X,X,X,X,,,X,6,
Sandisk,,X,X,,,X,,,3,SanDisk Corporation
Sangean,,,X,,,,,,1,
Sanyo Denki,,,,X,X,,,,2,
SAPPHIRE Technology,X,,,,,,,,1,
Sargent,,,X,,,,,,1,
SCC,,X,,,,,,,1,
Schaffner,,X,X,X,X,,,X,5,
Schmartboard,,,X,,,,,,1,
Schneider Electric,X,,X,X,X,,,,4,Schneider
Schneider Electric/Legacy Relays,,,X,,,,,,1,
Schneider Electric/Square D,,,X,,,,,,1,
Schroff,,,X,,,,,,1,
Schurter,X,X,X,X,X,,,X,6,SCHURTER
Schutzinger,,,,X,X,,,,2,
ScioSense,,,,,,,X,,1,
SCS,,,X,,,,,,1,
Seagate,X,,X,,,,,,2,
Seco,X,,,,,,,,1,
SECO-LARM,,,X,,,,,,1,
Seeed Studio,,,X,X,X,,,,3,SEEED STUDIO
Sefram,,,,X,X,,,,2,
Segger,,,X,X,X,,,,3,
Seiko Instruments,,X,,,,,,,1,
Semelab,,,X,X,,,,,2,
Semflex,,,X,,,,,,1,
Semikron,,,X,X,X,,,,3,Semikron International
Semitech,,,,,,,X,,1,
Semtech,X,X,X,X,X,X,,,6,
Sensata,,,,X,,,,,1,
Sensata - Crydom,,,,X,X,,,,2,
Sensata Airpax,,,,X,,,,,1,
Sensata BEI,,,,X,,,,,1,
Sensata Cynergy3,,,,X,X,,,,2,Sensata/Cynergy3
Sensirion,X,,X,X,X,,,,4,
Sensitron Semiconductor,X,,,,,,,,1,
Sensor Solutions,,,X,X,,,,,2,
Sensorcon,,,X,,,,,,1,
Sensorcon by Molex,X,,,,,,,,1,
Seoul Semiconductor,X,X,,X,X,X,,,5,
Sequans,,,,,,,X,,1,
Sequans Communications,X,,,,,,,,1,
Serpac,,,X,,,,,,1,
Servisol,,,,X,X,,,,2,
SGMICRO,X,X,,,,,X,,3,
"SGX SensorTech, an Amphenol co.",X,,,,,,,,1,
Shanghai Power Bright,,X,,,,,,,1,
Sharp,X,X,X,X,X,X,,X,7,
Sharp NEC Display Solutions,X,,,,,,,,1,
"Shenzen Bak Technology Co., Ltd.",,,,,,,,X,1,
Shenzhen AV-Display Co.,X,,,,,,,,1,
Shenzhen Deren Electronic,,X,,,,,,,1,
Shenzhen Jinghua Displays,,,,,,,,X,1,
Shieldme,,,X,,,,,,1,
Shimpo Instruments,,,X,,,,,,1,
Showell Technology,,X,,,,,,,1,
SIBA,,,,,X,,,,1,
SICK,,,,X,X,,,,2,
Siemens,,,,X,X,,,,2,
Sifam Tinsley (STI),,,X,,,,,,1,
Silan Microelectronics,,X,,,,,,,1,
Silanna Semiconductor,X,,,,,,,,1,
Silergy,,X,,,,,,,1,
Silicon Labs,,,X,X,X,,,,3,Silicon Laboratories
Silicon Sensing Systems,,,,,X,,,,1,
Silvertel,,,,X,,,,,1,
Simco-Ion,,,X,,,,,,1,
SIMCom,X,X,,,,,X,,3,SIMcom Wireless; SIMCom Wireless Solutions
Simpson Electric Company,,,X,,,,,,1,
Simula,,X,,,,,,,1,
"Sine Systems, an Amphenol co.",X,,,,,,,,1,
Siretta,,,X,,,,,,1,
SiTime,X,X,,X,X,X,,,5,
Skross,,,,X,X,,,,2,
Skyworks,,X,,,X,,,,2,Skyworks Solutions
SL Power,,X,,X,,,,,2,
"SL Power, an Advanced Energy Co.",X,,,,,,,,1,
Sliger Designs,X,,,,,,,,1,
Smart Cable,,,X,,,,,,1,
SMART Embedded Computing,X,,,,,,,,1,
SMART Modular Technologies,X,,,,,X,,,2,Smart Modular Technologies
Smartec,,,X,X,X,,,,3,
Smarticase,,,X,X,X,,,,3,SMARTICASE
SMC,,,,X,X,,,,2,
SMSC,,X,,,,,,,1,
"Socapex, an Amphenol co.",X,,,,,,,,1,
SOCKiTBOX,,,X,,,,,,1,
Softec Microsystems,,,X,,,,,,1,
Sola-HD,,,X,,,,,,1,
"Solid State, Inc.",,,X,,,,,,1,
Solidigm,X,,,,,,,,1,
Song Chuan,X,,,,,,,,1,
Sorensen,,,,X,,,,,1,
Soshin,,X,,,,,,,1,
Souriau,,,X,X,,,,,2,
Souriau - Sunbank / Eaton,,,,,X,,,,1,
Space Age Electronics,,,X,,,,,,1,
Spacecraft Components,,,X,,,,,,1,
Spansion,,,X,,X,,,,2,
Sparkle Power,X,,,,,,,,1,
SPC Technology,,,X,,,,,,1,
Speco Technologies,,,X,,,,,,1,
"Spectra-Strip, an Amphenol co.",X,,,,,,,,1,
Spectrah,X,,,,,,,,1,
Spectronics/Spectroline,,,X,,,,,,1,
Spectrum Digital,,,X,,,,,,1,
Speed Tec,,X,,,,,,,1,
Spelsberg,,,,X,X,,,,2,
Spikenzie Labs,,,,X,X,,,,2,SPIKENZIE LABS
Sprint,X,,,,,,,,1,
"SSI Controls, an Amphenol co.",X,,,,,,,,1,
Stackpole Electronics,X,X,,,,,,,2,
Staco Energy Products Co.,,,X,,,,,,1,
Standexmeder,,,,X,X,,,,2,
Stanley,,,X,,,,,,1,
Stannol,,,,X,X,,,,2,
StarPower,,,X,X,X,,,,3,
StarTech,,,X,,,,,,1,
Staubli,,,X,X,X,,,,3,Staubli (formerly MC Multi-Contact)
Steffen,,,,X,X,,,,2,
Stego,,,X,,,,,,1,
Steinel,,,X,X,X,,,,3,STEINEL
Stellar Labs,,,X,,,,,,1,Stellar Labs Computer +; Stellar Labs Power
Step’n Components,,,X,,,,,,1,
Steward,,X,,,,,,,1,
Stewart Connector,,,,X,X,,,,2,
Stewart Connectors,,,X,,,,,,1,
STMicroelectronics,X,X,X,X,X,X,X,X,8,ST
Storm Data Entry Technology,,,X,,,,,,1,
Storm Interface,,,X,X,X,,,,3,
Streamlight,,,X,,,,,,1,
Structured Cable,,,X,,,,,,1,
Struthers-Dunn,,,X,,,,,,1,
Sumida,X,,,,,,,,1,
Sunbank,,,X,X,X,,,,3,
Suncon,,,,,,,,X,1,
Sunon,X,,,X,X,,,,3,
Super Micro Computer,X,,,,,,,,1,
Superior Electric,,,X,,,,,,1,
Superior Sensors,,,X,X,,,,,2,
Sure Electronics,,,X,,,,,,1,
Sure Seal,,,X,,,,,,1,
Surehold,,,X,,,,,,1,
Surge Components,X,,,,,,,,1,
Susumu,,,X,,,,,,1,
"SV Microwave, an Amphenol co.",X,,,,,,,,1,
Swissbit,X,,X,X,X,,,,4,Swissbit AG
Switchcraft,,,,X,X,,,,2,
Switchcraft/Conxall,,,X,,,,,,1,
Synaptics,,X,,,,,,,1,
SynQor,X,,,,,,,,1,
Syntiant,X,,,,,,,,1,
SySTIUM Technologies,X,,,,,,,,1,
T-Bar/Olympic Controls,,,X,,,,,,1,
Tabor Electronics,,,X,X,X,,,,3,Tabor
Tactix,,,X,,,,,,1,
Tadiran,,X,X,X,,,,X,4,
TAEC (Toshiba America Electronic Components),X,,,,,,,,1,
Taitek,,,,,,,,X,1,
Taitien Electronics,,X,,,,,,,1,
Taiwan Semiconductor,X,X,X,X,X,,X,,6,
Taiyo Yuden,X,X,X,X,X,,,X,6,TAIYO YUDEN
Taoglas,X,,,,,,X,,2,
TapeCase,,,X,,,,,,1,
TDK,X,,X,X,X,,,X,5,"TDK (Faraday); TDK (InvenSense, EPCOS, Tronics)"
TDK - Epcos,,,,X,X,,,,2,
TDK Invensense,,,,,X,,,X,2,
TDK Lambda,,,,X,X,,,,2,
"TDK–Lambda Americas, Inc.",,,X,,,,,,1,
TE Connectivity,X,X,X,X,X,,,X,6,
Tech Spray,,,X,,,,,,1,
Techcon,,,,X,X,,,,2,
TechFaith,,X,,,,,,,1,
TechNexion (Wandboard),X,,,,,,,,1,
Tektronix,,,X,X,X,,,,3,
"Telaire, an Amphenol co.",X,,,,,,,,1,
Teledyne Defense Electronics,X,,,,,,,,1,
Teledyne e2v,X,,,,,X,,,2,
Teledyne Flir,,,,,X,,,,1,
Teledyne FLIR Commercial Systems,,,X,,,,,,1,
Teledyne LeCroy,,,X,,,,,,1,
Telemecanique,,,,X,X,,,,2,
Telemecanique Sensors,,,X,,,,,,1,
Telit Cinterion,,,,,,,X,,1,
Teltonika,,,,,,X,,,1,
Tempo Communications,,,X,,,,,,1,
Tenma,,,X,X,X,,,,3,Tenma®
Tera Grand,,,X,,,,,,1,
Terasic Technologies,,,X,,,,,,1,
Tesa,,,,X,X,,,,2,
Test Products Intl,,,X,,,,,,1,
Testec,,,,X,X,,,,2,
Testo,,,,X,X,,,,2,
Texas Instruments,,,,,,,,X,1,TI
The Things Network,,,X,X,,,,,2,THE THINGS NETWORK
Thermodisc,,,X,,,,,,1,
"Thermometrics, an Amphenol co.",X,,,,,,,,1,
Thinking,,X,,,,,,,1,
Thomas & Betts,,,X,X,X,,,,3,
Thordarson-Meissner,,,X,,,,,,1,
Tianma,X,,,,,,,X,2,TIANMA
TIMES Microwave,,,X,,,,,,1,
TIMESYS (LINUX),,,,X,,,,,1,
TinyCircuits,,,X,,,,,,1,
Titan,,,X,,,,,,1,
TKD Kabel,,,X,,,,,,1,
"Toner Plastics, Inc.",,,X,,,,,,1,
Top Yang Technology,,X,,,,,,,1,
Topic Embedded Products,,X,,,,,,,1,
Toradex,X,,,,,,,,1,
Torex,X,,X,X,X,X,,,5,Torex Semiconductor
Toshiba,X,X,X,X,X,,X,,6,Toshiba (OCZ Technology); Toshiba Electronics
Total Phase,,X,,,,,,,1,
Touchstone Technology,X,,,,,,,,1,
TP-Link,,,X,,,,,,1,
Traco Power,,,X,,X,,,,2,
TracoPower,,,,X,,,,,1,
Transcend,X,X,,X,X,,,,4,TRANSCEND
Transphorm,,,,X,,,,,1,
TRENDnet,,,X,,,,,,1,
Treston (formerly Sovella),,,X,,,,,,1,
Tri-Star International,,,X,,,,,,1,
Tri-Star/Carlisle,X,,,,,,,,1,
Tria Technologies,X,,,,,,,X,2,Tria
Triad Magnetics,,,X,X,X,,,,3,
Triad Semiconductor,X,,,,,,,,1,
Trimax,,,X,,,,,,1,
Trinamic,,,,X,X,,,,2,
Trinamic / Analog Devices,,,,,X,,,,1,
Triplett,,,X,,,,,,1,
Tripp Lite by Eaton,X,,,,,,,,1,
Tripp-Lite,,,X,X,,,,,2,
Trompeter,,,X,,X,,,,2,
Tronex,,,X,,,,,,1,
Tronics,,,X,X,X,,,,3,
Trumeter,,,X,,,,,,1,
Truphone,,X,,,,,,,1,
Trusted Objects,,X,,,,X,,,2,
TT Electronics,,X,,X,X,,,,3,
TT Electronics / Optek Technology,,,,X,X,,,,2,
TT ELECTRONICS / OPTEK TECHNOLOGY / ROXSPUR,,,,X,,,,,1,
TT Electronics / Semelab,,,,,X,,,,1,
TTM Technologies,X,,,,,,,,1,
TUL,,,X,X,X,,,,3,TUL Corporation
Tung Sol,,,X,,,,,,1,
Turck,,,X,X,X,,,,3,
Tusonix,,,,X,X,,,,2,
Twin Industries,,,X,,,,,,1,
TXC Corporation,,X,X,X,X,,,,4,TXC
TYAN,X,,,,,,,,1,
u-blox,X,,,,,X,,,2,U-blox
U.R.T,,,,,,,,X,1,
Ubiquios Technology,X,,,,,,,,1,
Ultimaker,,,X,,,,,,1,
Ultimate Support Systems,,,X,,,,,,1,
UltraLast Green,,,X,,,,,,1,
Ultralife Batteries Inc.,,,X,,,,,,1,
"UltraVolt, an Advanced Energy Co.",X,,,,,,,,1,
"Unicom Electric, Inc.",,,X,,,,,,1,
United Radiant Technology (URT),X,,,,,,,,1,
United SiC,,,X,,,,,,1,
Universal Science,,X,,,,,,,1,
Ushio America,X,,,,,,,,1,
Utica,,,X,,,,,,1,
Van Damme,,,,X,X,,,,2,
Vanguard Electronics,,,,,,,,X,1,
Varta,,X,X,X,,,,X,4,
VCC (Visual Communications Company),,,,X,X,,,,2,
VDC,,,,X,X,,,,2,
VECO (Vansonic),X,,,,,,,,1,
"Vector Electronics & Technology, Inc.",,,X,,,,,,1,
Veeder-Root,,,X,,,,,,1,
Velcro,,,,X,X,,,,2,
Velleman SA,,,X,X,X,,,,3,Velleman; VELLEMAN SA
Ventura Technology Group,X,,,,,,,,1,
Verbatim,,,X,,,,,,1,
Vericon,,X,,,,,,,1,
Verizon,X,,,,,,,,1,
Vero,,,,X,X,,,,2,
VIA Technologies,X,,,,,,,,1,
Vicor,X,X,,,,,,X,3,
Videk,,,,X,X,,,,2,
Vigortonix,,,,X,X,,,,2,
Vinatech,,,,X,X,,,,2,
Visaton,,,X,X,X,,,,3,
Vishay,X,X,X,X,X,,X,X,7,
Vishay Precision Group,X,,,X,,,,X,3,Vishay Precision Group (VPG); VPG
Vision Engineering,,,X,,,,,,1,
Visual Communications Company (VCC),,,X,,,,,,1,
Vitrohm,,,,,,,,X,1,
VMware,X,,,,,,,,1,
Volex,,,X,X,X,,,,3,Volex Inc.
VPT Components,X,,,,,,,,1,
Vulcascot,,,,X,X,,,,2,
Vynckier,,,X,,,,,,1,
Waber/Tripp Lite,,,X,,,,,,1,
Wago,,,X,X,X,,,,3,
Wahl/Isotip,,,X,,,,,,1,
Wakefield Solutions,,,X,X,X,,,,3,
Waldom Electronics,,,X,,,,,,1,
Walsin,,,,X,X,,,,2,
Walter Electronics,,X,,,,,,,1,
Walther,,,,X,X,,,,2,
WAMCO,,,X,,,,,,1,
WD-40,,,X,,,,,,1,
Wearnes Cambion,,,X,X,,,,,2,
WeEn,X,X,X,X,X,X,X,,7,WeEN Semiconductor; WeEn Semiconductors
Weidmuller,,,,X,X,,,,2,
Weidmüller Inc.,,,X,,,,,,1,
Weldon,,,X,,,,,,1,
Weller,,,X,X,X,,,,3,
Weller Erem,,,X,X,X,,,,3,WELLER EREM
Weller Xcelite,,,X,,,,,,1,
Welwyn/TT Electronics,,,X,,,,,,1,
Wera,,,,X,X,,,,2,WERA
Wera Tools,,,X,,,,,,1,
Werma,,,,X,X,,,,2,
West Penn Wire,,,X,,,,,,1,
Western Digital,X,X,,,,,,,2,
White Rodgers,,,X,,,,,,1,
Wi2Wi,X,X,,,,,,,2,
Wieland Electric,,,X,X,X,,,,3,Wieland
Wiha,,,X,X,X,,,,3,WIHA
Wima,,,,X,X,,,,2,
Winbond,,X,,,,,,,1,
Wind River Systems,,X,,,,,,,1,
Winstar,,,,,,,,X,1,
Wiremold,,,X,,,,,,1,
Wiska,,,,X,X,,,,2,
Wisol,,X,,,,,,,1,
Wiss,,,X,,,,,,1,
Wittra,,,,X,X,,,,2,
WNC (Wistron NeWeb Corp.),X,,,,,,,,1,
Wolfspeed,,,X,X,X,,,,3,
Woodhead - A Molex Company,,,X,,,,,,1,
Woods Industries,,,X,,,,,,1,
WSI WiseChip Semiconductor,,,,,,,,X,1,
Wurth,,,,X,,,,,1,
Wurth Elektronik,,,X,X,X,,,,3,Wuerth Elektronik
X-Semi,,,,,,,,X,1,
Xantrex,,,X,,,,,,1,
Xeltek,,,X,,,,,,1,
XFX,X,,,,,,,,1,
"XGIGA, an Amphenol co.",X,,,,,,,,1,
Xilinx,,,,X,,,,X,2,XILINX
Xinli,,,,,,,,X,1,
XMOS,,X,,,,,,,1,
XP Power,,,X,X,X,,,X,4,
Xsens,,,X,X,X,,,,3,
XTX Technology,,X,,,,,,,1,
Xuron,,,,X,,,,,1,
Xytronic,,,X,,,,,,1,
Yageo,X,X,X,X,X,,,X,6,
Yageo Xsemi,,,,X,,,,,1,
Yamaichi,,,,X,X,,,,2,
Yangtze Memory,,X,,,,,,,1,
Yeebo Display,,,,,,,,X,1,
Yokogawa,,,X,,,,,,1,
Yuasa,,,,X,X,,,,2,
Zebra Sound,,,X,,,,,,1,
Zenithtek,,X,,,,,,,1,
Zeus Battery Products,,,X,,,,,,1,
ZF Electronics,,,X,X,X,,,,3,
Zhejiang Xinli Optronics Technology,X,,,,,,,,1,
Zierick,,,,,,,,X,1,
Zilog,,,X,,,,,,1,
Zymbit,,,X,X,X,,,,3,ZYMBIT
Zytronics,X,,,,,,,,1,
