Ref,RefType,Kind,Title,URL
AES-MAAXB-8ULP-SK-G,board,buy,Buy AES-MAAXB-8ULP-SK-G on Avnet,https://www.avnet.com/shop/us/products/avnet-engineering-services/aes-maaxb-8ulp-sk-g-3074457345648110677
AES-MAAXB-8ULP-SK-G,board,developer,Compilation Guide,https://github.com/avnet-iotconnect/iotc-yocto-python-sdk/blob/hardknott/board_specific_readmes/maaxboard.md
AES-MAAXB-OSM93-DK-G,board,buy,Buy AES-MAAXB-OSM93-DK-G on Avnet,https://www.avnet.com/shop/us/products/avnet-engineering-services/aes-maaxb-osm93-dk-g-3074457345658404668/
AES-MAAXB-OSM93-DK-G,board,quickstart,QuickStart Guide,https://github.com/Avnet/MaaXBoard-OSM93-HUB
AES-MAAXB-OSM93-DK-G,board,quickstart,QuickStart Guide with /IOTCONNECT,https://github.com/avnet-iotconnect/iotc-python-lite-sdk-demos/tree/main/tria-maaxboard-osm93
AES-MAAXB-OSM93-DK-G,board,doc,GitHub Repository Root,https://github.com/Avnet/MaaXBoard-OSM93-HUB
AES-MC-SBC-IMX8M-G,board,buy,Buy AES-MC-SBC-IMX8M-G on Avnet,https://www.avnet.com/shop/us/products/avnet-engineering-services/aes-mc-sbc-imx8m-g-3074457345642080716
AES-MC-SBC-IMX8M-G,board,developer,Compilation Guide,https://github.com/avnet-iotconnect/iotc-yocto-python-sdk/blob/hardknott/board_specific_readmes/maaxboard.md
AES-MC-SBC-IMX8M-G,board,demo,Demo Guide: Track Voyager,https://github.com/avnet-iotconnect/avnet-iotconnect.github.io/blob/main/documentation/iotc-yocto-c-sdk/voyager-demo/MaaxBoard-IoTC-Voyager-Demo.md
AES-MC-SBC-IMX8M-G,board,demo,MaaXBoard Voyager Demo - Dynamic Dashboard Template (JSON),https://github.com/avnet-iotconnect/avnet-iotconnect.github.io/blob/main/documentation/iotc-yocto-c-sdk/voyager-demo/templates/dashboard/MaaXBoard%20Voyager%20Demo_dashboard_export.json
AES-MC-SBC-IMX8M-G,board,doc,MaaXBoard Voyager Demo - Voyager Sensors Device Template (JSON),https://github.com/avnet-iotconnect/avnet-iotconnect.github.io/blob/main/documentation/iotc-yocto-c-sdk/voyager-demo/templates/device/Voyager%20Sensors_template.JSON
AES-MC-SBC-IMX8MINI-G,board,buy,Buy AES-MC-SBC-IMX8MINI-G on Avnet,https://www.avnet.com/shop/us/products/avnet-engineering-services/aes-mc-sbc-imx8mini-g-3074457345643866383
AES-MC-SBC-IMX8MINI-G,board,developer,Compilation Guide,https://github.com/avnet-iotconnect/iotc-yocto-python-sdk/blob/hardknott/board_specific_readmes/maaxboard.md
AES-MC-SBC-IMX8MINI-G,board,video,Video: Chip to Cloud EV Charging Solution,https://bcove.video/3A04q5f
AES-MC-SBC-IMXRT1176-G,board,quickstart,QuickStart Guide,https://github.com/avnet-iotconnect/iotc-azurertos-sdk/blob/main/samples/maaxboardrt/QUICKSTART.md
AES-MC-SBC-IMXRT1176-G,board,doc,GitHub Repository Root,https://github.com/avnet-iotconnect/iotc-azurertos-sdk/tree/main/samples/maaxboardrt
AES-RASYNB-120,board,buy,Buy AES-RASYNB-120 on Avnet,https://www.avnet.com/wps/portal/us/products/avnet-boards/avnet-board-families/rasynboard
AES-RASYNB-120,board,quickstart,QuickStart Guide,https://github.com/Avnet/RASynBoard-Out-of-Box-Demo/blob/rasynboard_v2_tiny/docs/IoTConnect.md
AES-RASYNB-120,board,demo,RASynPuck Demo,https://github.com/Avnet/RASynBoard-Out-of-Box-Demo/blob/rasynboard_v2_tiny/docs/RASynPuckDemo.md
AES-RASYNB-120,board,webinar,Webinar: Industrial AI Acoustic & Vibration Monitoring,https://edgeimpulse.com/events/unlock-the-future-of-industrial-ai-with-advanced-acoustic-and-vibration-monitoring
AES-RASYNB-120,board,video,Video: RASynBoard Pump Demo - Tria,https://players.brightcove.net/4598493563001/BkZJhSKu_default/index.html?videoId=6364919658112
AES-RASYNB-120,board,video,Video: Motion Recognition,https://hackster.imgix.net/uploads/attachments/1738627/untitled_project_NiH4p1V6jK.gif?auto=format%2Ccompress&gifq=35&w=900&h=675&fit=min&fm=mp4
AES-RASYNB-120,board,blog,Blog: The RASynPuck Demo - Hackster.io,https://www.hackster.io/bwilless/the-rasynpuck-demo-what-can-you-build-with-the-rasynboard-bfd912
AES-RZB-V2L-SK-G,board,buy,Buy AES-RZB-V2L-SK-G on Avnet,https://www.avnet.com/wps/portal/us/products/avnet-boards/avnet-board-families/rzboard-v2l
AES-RZB-V2L-SK-G,board,quickstart,QuickStart Guide,https://github.com/avnet-iotconnect/meta-iotconnect-docs/blob/main/QuickStart/RZBoardV2L.md
AES-RZB-V2L-SK-G,board,developer,Developer Guide,https://github.com/avnet-iotconnect/meta-iotconnect-docs/blob/main/Build/RZBoardV2L/README.md
AES-RZB-V2L-SK-G,board,webinar,Webinar: Vision AI with Renesas RZ/V MPUs,https://players.brightcove.net/4598493563001/BkZJhSKu_default/index.html?videoId=6365806777112
AES-RZB-V2L-SK-G,board,video,Video: EdgeAI Apps featuring Tria Dev Boards,https://players.brightcove.net/4598493563001/BkZJhSKu_default/index.html?videoId=6364403224112
AES-RZB-V2L-SK-G,board,video,Video: VisionAI Use Case with RZBoard V2L,https://players.brightcove.net/4598493563001/BkZJhSKu_default/index.html?videoId=6364403327112
AES-RZB-V2L-SK-G,board,video,Video: Smart Parking Demo,https://hackster.imgix.net/uploads/attachments/1721314/spark_iotc_launch.gif?auto=compress&gifq=35&w=740&h=555&fit=max&fm=mp4
AES-RZB-V2L-SK-G,board,video,Video: RZBuddy,https://youtu.be/mSETqaqMejQ
AES-RZB-V2L-SK-G,board,blog,Blog: Smart Parking AI on RZBoard V2L - Hackster.io,https://www.hackster.io/lucas-keller/smart-parking-ai-with-telemetry-on-rzboard-v2l-fd3eb9
AES-RZB-V2L-SK-G,board,blog,Blog: Preview - RZbuddy Smart Pet Companion - Hackster.io,https://www.hackster.io/lucas-keller/preview-rzbuddy-the-smart-pet-companion-for-anxiety-c50c87
ATSAMA5D27-SOM1-EK1,board,buy,Buy SAMA5D27 on Newark,https://www.newark.com/microchip/atsama5d27-som1-ek1/eval-board-32bit-mpu-arm-cortex/dp/44AC2213
ATSAMA5D27-SOM1-EK1,board,quickstart,SAMA5D27 QuickStart Guide,https://github.com/avnet-iotconnect/iotc-python-lite-sdk-demos/tree/main/microchip-sama5d27
ATSAMA5D27-SOM1-EK1,board,developer,Developer Guide,https://github.com/avnet-iotconnect/meta-iotconnect-docs?tab=readme-ov-file
ATSAME54-XPRO,board,buy,Buy ATSAME54-XPRO on Avnet,https://www.avnet.com/shop/us/products/microchip/atsame54-xpro-3074457345632695712
ATSAME54-XPRO,board,quickstart,SAM E54 Xplained Pro QuickStart Guide,https://github.com/avnet-iotconnect/iotc-azurertos-sdk/tree/main/samples/same54xpro
B-L475E-IOT01A2,board,buy,Buy B-L475E-IOT01A2 on Avnet,https://www.avnet.com/shop/us/products/stmicroelectronics/b-l475e-iot01a2-3074457345646183681
B-L475E-IOT01A2,board,quickstart,QuickStart Guide (Azure),https://github.com/avnet-iotconnect/iotc-azurertos-sdk/tree/main/samples/stm32l4
B-U585I-IOT02A,board,buy,Buy B-U585I-IOT02A on Avnet,https://www.avnet.com/shop/us/products/stmicroelectronics/b-u585i-iot02a-3074457345647217745
B-U585I-IOT02A,board,quickstart,QuickStart Guide (AWS),https://github.com/avnet-iotconnect/iotc-freertos-stm32-u5
B-U585I-IOT02A,board,quickstart,QuickStart Guide (Azure),https://github.com/avnet-iotconnect/iotc-azurertos-stm32-u5
B-U585I-IOT02A,board,demo,Demo: Smart City Noise Detection,https://github.com/avnet-iotconnect/iotc-freertos-stm32-u5-ml-demo
CK-RA6M5,board,buy,Buy CK-RA6M5 on Avnet,https://www.avnet.com/shop/us/products/renesas-electronics/rtk7cka6m5s08002be-3074457345653738972
CK-RA6M5,board,quickstart,Getting Started Guide,https://github.com/avnet-iotconnect/iotc-freertos-ck-ra6m5-v2-pmod
CK-RA6M5,board,doc,GitHub Repository Root,https://github.com/avnet-iotconnect/iotc-freertos-ck-ra6m5-v2-pmod
CK-RK65N,board,buy,Buy CK-RX65N on Avnet,https://www.avnet.com/shop/us/products/renesas-electronics/rtk5ck65n0s08001be-3074457345653738916
CK-RK65N,board,quickstart,QuickStart Guide,https://github.com/avnet-iotconnect/avnet-iotconnect.github.io/blob/main/documentation/iotc-azurertos-sdk/samples/ck-rx65n/QUICKSTART.md
CK-RK65N,board,developer,Developer Guide,https://github.com/avnet-iotconnect/avnet-iotconnect.github.io/blob/main/documentation/iotc-azurertos-sdk/samples/ck-rx65n/DEVELOPER_GUIDE.md
CK-RK65N,board,doc,GitHub Repository Folder,https://github.com/avnet-iotconnect/iotc-azurertos-sdk/tree/main/samples/ck-rx65n
CURIOSITY-PIC64GX1000-KIT,board,buy,Buy CURIOSITY-PIC64GX1000-KIT on Newark,https://www.newark.com/microchip/curiosity-pic64gx1000-kit/curiosity-kit-64bit-risc-v-quad/dp/46AM3917
CURIOSITY-PIC64GX1000-KIT,board,quickstart,PIC64GX1000 QuickStart Guide,https://github.com/avnet-iotconnect/iotc-python-lite-sdk-demos/tree/main/microchip-pic64gx1000
CY8CKIT-062-WIFI-BT,board,buy,Buy CY8CKIT-062-WIFI-BT on Avnet,https://www.avnet.com/shop/us/products/infineon/cy8ckit-062-wifi-bt-3074457345644457811
CY8CKIT-062-WIFI-BT,board,developer,Developer Guide,https://github.com/avnet-iotconnect/avnet-iotc-mtb-basic-example/blob/main/DEVELOPER_GUIDE.md
CY8CKIT-062-WIFI-BT,board,doc,GitHub Repository Root,https://github.com/avnet-iotconnect/avnet-iotc-mtb-basic-example
CY8CKIT-062S2-AI,board,buy,Buy CY8CKIT-062S2-AI on Avnet,https://www.avnet.com/shop/us/products/infineon/cy8ckit-062s2-ai-3074457345659496631/
CY8CKIT-062S2-AI,board,quickstart,QuickStart: Sound Recognition (Baby Cry) Demo,https://github.com/avnet-iotconnect/avnet-iotc-mtb-ai-baby-monitor/blob/main/QUICKSTART.md
CY8CKIT-062S2-AI,board,quickstart,QuickStart: IMU Human Activity Detection Demo,https://github.com/avnet-iotconnect/avnet-iotc-mtb-ai-imu-example
CY8CKIT-062S2-AI,board,quickstart,Imagimob Ready Model Demo QuickStart,https://github.com/avnet-iotconnect/avnet-iotc-mtb-ai-imagimob-rm
CY8CKIT-062S2-AI,board,demo,Imagimob Ready Model Demo - Fall Detection,https://github.com/avnet-iotconnect/avnet-iotc-mtb-ai-fall-detection
CY8CKIT-062S2-AI,board,webinar,Webinar: Infineon PSoC 6 AI Evaluation Kit,https://bcove.video/4gLtaP9
CY8CKIT-062S2-AI,board,video,Video Demo: PSoC6 AI Sound Classification,https://youtu.be/6mzo-koVk00?si=K7YGhhSrIb4A8PFz
CY8CKIT-062S2-AI,board,video,Video Demo: Human Activity Detection,https://bcove.video/40i9psn
CY8CKIT-062S2-AI,board,doc,GitHub Repository Root,https://github.com/avnet-iotconnect/avnet-iotc-mtb-ai-baby-monitor
CY8CPROTO-062-4343W,board,buy,Buy CY8CPROTO-062-4343W on Avnet,https://www.avnet.com/shop/us/products/infineon/cy8cproto-062-4343w-3074457345644457812
CY8CPROTO-062-4343W,board,developer,Developer Guide,https://github.com/avnet-iotconnect/avnet-iotc-mtb-basic-example/blob/main/DEVELOPER_GUIDE.md
CY8CPROTO-062-4343W,board,doc,GitHub Repository Root,https://github.com/avnet-iotconnect/avnet-iotc-mtb-basic-example
CY8CPROTO-062S3-4343W,board,buy,Buy CY8CPROTO-062S3-4343W on Avnet,https://www.avnet.com/shop/us/products/infineon/cy8cproto-062s3-4343w-3074457345644457754
CY8CPROTO-062S3-4343W,board,developer,Developer Guide,https://github.com/avnet-iotconnect/avnet-iotc-mtb-basic-example/blob/main/DEVELOPER_GUIDE.md
CY8CPROTO-062S3-4343W,board,doc,GitHub Repository Root,https://github.com/avnet-iotconnect/avnet-iotc-mtb-basic-example
DA16200MOD-DEVKT,board,buy,Buy DA16200MOD-DEVKT on Avnet,https://www.avnet.com/shop/us/products/renesas-electronics/da16200mod-devkt-3074457345643529171/
DA16200MOD-DEVKT,board,quickstart,QuickStart Guide,https://github.com/avnet-iotconnect/iotc-dialog-da16k-sdk/tree/main
DA16600MOD-DEVKT,board,quickstart,QuickStart Guide,https://github.com/avnet-iotconnect/iotc-dialog-da16k-sdk/tree/main
EK-RA6M4,board,buy,Buy EK-RA6M4 on Avnet,https://www.avnet.com/shop/us/products/renesas-electronics/rtk7eka6m4s00001be-3074457345644043697
EK-RA6M4,board,quickstart,QuickStart Guide,https://github.com/avnet-iotconnect/iotc-freertos-ek-ra6m4-pmod/blob/master/QUICKSTART.md
EK-RA6M4,board,doc,GitHub Repository Root,https://github.com/avnet-iotconnect/iotc-freertos-ek-ra6m4-pmod
EK-RA8M1,board,buy,Buy EK-RA8M1 on Avnet,https://www.avnet.com/shop/us/products/renesas-electronics/rtk7eka8m1s00001be-3074457345653419512
EK-RA8M1,board,quickstart,QuickStart Guide,https://github.com/avnet-iotconnect/iotc-freertos-ek-ra8m1-pmod/blob/main/QUICKSTART.md
EK-RA8M1,board,doc,GitHub Repository Root,https://github.com/avnet-iotconnect/iotc-freertos-ek-ra8m1-pmod
EV36W50A,board,quickstart,WFI32-IoT QuickStart Guide,https://github.com/avnet-iotconnect/iotc-azurertos-sdk/tree/main/samples/wfi32iot
EV36W50A,board,webinar,Webinar: Modernized Condition Monitoring,https://event.webcasts.com/starthere.jsp?ei=1689041&tp_key=dc351d6c73
EV36W50A,board,doc,GitHub Repository Folder,https://github.com/avnet-iotconnect/iotc-azurertos-sdk/tree/main/samples/wfi32iot
EV63J76A,board,buy,Buy SAMA7D65 Curiosity Kit on microchipDIRECT,https://www.microchipdirect.com/dev-tools/EV63J76A?productLoaded=true&allDevTools=true
EV63J76A,board,quickstart,SAMA7D65 Curiosity QuickStart Guide,https://github.com/avnet-iotconnect/iotc-python-lite-sdk-demos/tree/main/microchip-sama7d65-curiosity
EV70N78A,board,buy,Buy EV70N78A on Avnet,https://www.avnet.com/shop/us/products/microchip/ev70n78a-3074457345652818957/
EV70N78A,board,quickstart,AVR-IoT Cellular Mini QuickStart Guide,https://github.com/avnet-iotconnect/iotc-arduino-mchp-avr-sdk
EV70N78A,board,webinar,Webinar: Soil Moisture Sensor with AVR-IoT Cellular Mini,https://event.on24.com/wcc/r/4748672/A0619108F2303A3D794F5AFE8D4B9FA2
EV70N78A,board,doc,GitHub Repository Folder,https://github.com/avnet-iotconnect/iotc-arduino-mchp-avr-sdk
FRDM-IMX93,board,buy,Buy FRDM-IMX93 on Avnet,https://www.avnet.com/shop/us/products/nxp/frdm-imx93-3074457345660216004
FRDM-IMX93,board,quickstart,QuickStart Guide,https://github.com/avnet-iotconnect/iotc-python-lite-sdk-demos/tree/main/nxp-frdm-imx-93
FRDM-IMX93,board,doc,GitHub Repository Root,https://github.com/avnet-iotconnect/iotc-python-lite-sdk-demos/tree/main/nxp-frdm-imx-93
FRDM-MCXN947,board,buy,Buy FRDM-MCXN947 on Newark,https://www.newark.com/nxp/frdm-mcxn947/frdm-development-board-for-mcx/dp/85AK8337
FRDM-MCXN947,board,quickstart,QuickStart Guide,https://github.com/avnet-iotconnect/iotc-mcx-zephyr-demos
FRDM-MCXN947,board,doc,GitHub Repository Root,https://github.com/avnet-iotconnect/iotc-mcx-zephyr-demos
KIT_PSE84_EVAL,board,buy,Buy KIT_PSE84_EVAL on Newark,https://www.newark.com/infineon/kitpse84evaltobo1/eval-kit-32bit-arm-cortex-m55f/dp/49AM4460
KIT_PSE84_EVAL,board,developer,Developer Guide: PSOC Edge Ready Models,https://github.com/avnet-iotconnect/avnet-iotc-mtb-psoc-edge-rm/blob/main/DEVELOPER_GUIDE.md
KIT_PSE84_EVAL,board,demo,Getting Started: PSOC Edge E84 Evaluation Kit with /IOTCONNECT (Sound Recognition DEEPCRAFT Ready Model),https://github.com/avnet-iotconnect/avnet-iotconnect.github.io/blob/main/documentation/iotc-psoc-edge-e84-eval/README.md
KIT_PSE84_EVAL,board,demo,PSOC Edge E84 Eval Kit - Imagimob Baby Cry Ready Model Dashboard Template (JSON),https://github.com/avnet-iotconnect/avnet-iotconnect.github.io/blob/main/documentation/iotc-psoc-edge-e84-eval/Infineon-PSOC-E84-Imagimob-Baby-Cry-Ready-Model-dashboard.json
KIT_PSE84_EVAL,board,doc,Avnet PSOC Edge DEEPCRAFT Ready Models,https://github.com/avnet-iotconnect/avnet-iotc-mtb-psoc-edge-rm/tree/main
KIT_PSE84_EVAL,board,doc,Avnet PSOC Edge DEEPCRAFT Motion,https://github.com/avnet-iotconnect/avnet-iotc-mtb-psoc-edge-motion
KIT_PSE84_EVAL,board,doc,Avnet PSOC Edge DEEPCRAFT Voice Assistant,https://github.com/avnet-iotconnect/avnet-iotc-mtb-psoc-edge-voice-assistant
KIT_PSE84_EVAL,board,doc,Avnet PSOC Edge DEEPCRAFT Baby Monitor,https://github.com/avnet-iotconnect/avnet-iotc-mtb-psoc-edge-baby-monitor
KIT_PSE84_EVAL,board,doc,PSOC Edge E84 Eval Kit - Device Template (JSON) for /IOTCONNECT,https://github.com/avnet-iotconnect/avnet-iotc-mtb-psoc-edge-rm/blob/main/files/device-template.json
KIT_PSE84_EVAL,board,info,/IOTCONNECT Integration of Infineon DEEPCRAFT Ready Models (avnet-iotc-mtb-psoc-edge-rm),https://github.com/avnet-iotconnect/avnet-iotc-mtb-psoc-edge-rm
KITCSKPASCO2TOBO1,board,buy,Buy KITCSKPASCO2TOBO1 on Newark,https://www.newark.com/infineon/kitcskpasco2tobo1/sensor-kit-co2-sensor/dp/51AK4077
KITCSKPASCO2TOBO1,board,quickstart,QuickStart Guide,https://github.com/avnet-iotconnect/avnet-iotc-mtb-xensiv-example/blob/main/QUICKSTART.md
KITCSKPASCO2TOBO1,board,developer,Developer Guide,https://github.com/avnet-iotconnect/avnet-iotc-mtb-xensiv-example/blob/main/DEVELOPER_GUIDE.md
KITCSKPASCO2TOBO1,board,webinar,Webinar: Connect XENSIV to /IOTCONNECT,https://bcove.video/3UmzhQl
KITCSKPASCO2TOBO1,board,doc,GitHub Repository Root,https://github.com/avnet-iotconnect/avnet-iotc-mtb-xensiv-example
KITPSE84AITOBO1,board,buy,Buy KITPSE84AITOBO1 on Newark,https://www.newark.com/infineon/kitpse84aitobo1/ai-eval-kit-32bit-arm-cortex-m55f/dp/49AM4459
KITPSE84AITOBO1,board,quickstart,Getting Started: DEEPCRAFT Gesture Ready Model,https://github.com/avnet-iotconnect/avnet-iotconnect.github.io/blob/main/documentation/iotc-psoc-edge-e84-ai/
KITPSE84AITOBO1,board,developer,Developer Guide: PSOC Edge Ready Models,https://github.com/avnet-iotconnect/avnet-iotc-mtb-psoc-edge-rm/blob/main/DEVELOPER_GUIDE.md
KITPSE84AITOBO1,board,demo,Getting Started: PSOC Edge E84 AI Kit with /IOTCONNECT (Hand Gesture DEEPCRAFT Ready Model),https://github.com/avnet-iotconnect/avnet-iotconnect.github.io/blob/main/documentation/iotc-psoc-edge-e84-ai/README.md
KITPSE84AITOBO1,board,demo,PSOC Edge E84 AI Kit - Gesture Detection Demo Dashboard Template (JSON),https://github.com/avnet-iotconnect/avnet-iotconnect.github.io/blob/main/documentation/iotc-psoc-edge-e84-ai/psoc-edge84-ai-gesture-dashboard.json
KITPSE84AITOBO1,board,doc,Avnet PSOC Edge DEEPCRAFT Ready Models,https://github.com/avnet-iotconnect/avnet-iotc-mtb-psoc-edge-rm/tree/main
KITPSE84AITOBO1,board,doc,Avnet PSOC Edge DEEPCRAFT Motion,https://github.com/avnet-iotconnect/avnet-iotc-mtb-psoc-edge-motion
KITPSE84AITOBO1,board,doc,Avnet PSOC Edge DEEPCRAFT Voice Assistant,https://github.com/avnet-iotconnect/avnet-iotc-mtb-psoc-edge-voice-assistant
KITPSE84AITOBO1,board,doc,Avnet PSOC Edge DEEPCRAFT Baby Monitor,https://github.com/avnet-iotconnect/avnet-iotc-mtb-psoc-edge-baby-monitor
KITPSE84AITOBO1,board,doc,PSOC Edge E84 AI Kit - Device Template (JSON) for /IOTCONNECT,https://github.com/avnet-iotconnect/avnet-iotc-mtb-psoc-edge-rm/blob/main/files/device-template.json
KITPSE84AITOBO1,board,info,/IOTCONNECT Integration of Infineon DEEPCRAFT Ready Models (avnet-iotc-mtb-psoc-edge-rm),https://github.com/avnet-iotconnect/avnet-iotc-mtb-psoc-edge-rm
MIMXRT1060-EVKB,board,buy,Buy MIMXRT1060-EVKB on Avnet,https://www.avnet.com/shop/us/products/nxp/mimxrt1060-evkb-3074457345653941780/
MIMXRT1060-EVKB,board,doc,GitHub Repository Folder,https://github.com/avnet-iotconnect/iotc-azurertos-sdk/tree/main/samples/mimxrt1060
MPFS-DISCO-KIT,board,buy,Buy MPFS-DISCO-KIT on Farnell,https://export.farnell.com/microchip/mpfs-disco-kit/soc-discovery-kit-64bit-risc-v/dp/4377642
MPFS-DISCO-KIT,board,quickstart,PolarFire SoC QuickStart Guide,https://github.com/avnet-iotconnect/iotc-python-lite-sdk-demos/tree/main/microchip-polarfire-soc-dk
MSC SM2S-IMX8PLUS,board,buy,Order SM2S-IMX8PLUS,https://embedded.avnet.com/product/msc-sm2s-imx8plus/#order_info
MSC SM2S-IMX8PLUS,board,developer,Build Information,https://github.com/avnet-iotconnect/iotc-yocto-python-sdk/blob/hardknott/board_specific_readmes/sm2s-imx8mp.md
MSC SM2S-IMX8PLUS,board,info,More Information,https://embedded.avnet.com/product/msc-sm2s-imx8plus
NUCLEO-WL55JC,board,buy,Buy NUCLEO-WL55JC1 on Newark,https://www.newark.com/stmicroelectronics/nucleo-wl55jc1/dev-board-32bit-arm-cortex-m0/dp/14AJ2473
NUCLEO-WL55JC,board,doc,LoRa & /IOTCONNECT Integration,https://github.com/avnet-iotconnect/iotc-lora-demos
STEVAL-ASTRA1B,board,buy,Buy STEVAL-ASTRA1B on Newark,https://www.newark.com/stmicroelectronics/steval-astra1b/refr-design-board-arm-cortex-m0/dp/33AK9318
STEVAL-ASTRA1B,board,doc,LoRa & /IOTCONNECT Integration,https://github.com/avnet-iotconnect/iotc-lora-demos
STEVAL-MKBOXPRO,board,buy,Buy STEVAL-MKBOXPRO on Newark,https://www.newark.com/stmicroelectronics/steval-mkboxpro/sensortile-box-pro-dev-kit-iot/dp/77AK2834
STEVAL-MKBOXPRO,board,doc,Using the /IOTCONNECT App as Gateway,https://github.com/avnet-iotconnect/iotc-gateway-mobile-app
STEVAL-MKBOXPRO,board,doc,Using the STM32MP157F Discovery Kit as a Gateway,https://github.com/avnet-iotconnect/iotc-python-examples/tree/main/MKBOXPRO_MP157F_Demo
STEVAL-PROTEUS1,board,buy,Buy STEVAL-PROTEUS1 on Newark,https://www.newark.com/stmicroelectronics/steval-proteus1/evaluation-kit-industrial-sensor/dp/47AK6939
STEVAL-PROTEUS1,board,doc,Using STM32MP157F Discovery Kit as a Gateway,https://github.com/avnet-iotconnect/iotc-python-examples/tree/main/PROTEUS_MP157F_Demo
STM32H573I-DK,board,buy,Buy STM32H573I-DK on Avnet,https://www.avnet.com/shop/us/products/stmicroelectronics/stm32h573i-dk-3074457345658096192/
STM32H573I-DK,board,quickstart,QuickStart Guide (AWS),https://github.com/avnet-iotconnect/iotc-freertos-stm32-h5
STM32H573I-DK,board,quickstart,QuickStart Guide (Azure),https://github.com/avnet-iotconnect/iotc-azurertos-stm32-h5
STM32MP135F-DK,board,quickstart,QuickStart Guide with Python,https://github.com/avnet-iotconnect/iotc-python-lite-sdk-demos/tree/main/stm32mp135f-dk
STM32MP135F-DK,board,quickstart,Get Started with Yocto,https://github.com/avnet-iotconnect/iotc-yocto-c-sdk/blob/kirkstone/board_specific_readmes/stm32mpu135.md
STM32MP135F-DK,board,quickstart,STM32MP135F-DK QuickStart for /IOTCONNECT (Greengrass),https://github.com/avnet-iotconnect/iotc-python-greengrass-demos/tree/main/stm32mp135f-dk
STM32MP135F-DK,board,demo,Demo: Vision AI,https://github.com/avnet-iotconnect/meta-iotconnect-docs/tree/main/Build/STM32MP1/mickledore-st-x-linux-ai-demo
STM32MP157F-DK2,board,buy,Buy STM32MP157F-DK2 on Newark,https://www.newark.com/stmicroelectronics/stm32mp157f-dk2/discovery-kit-arm-cortex-a7-cortex/dp/14AJ2731
STM32MP157F-DK2,board,quickstart,Get Started with Yocto Python,https://github.com/avnet-iotconnect/iotc-yocto-python-sdk/blob/kirkstone/board_specific_readmes/stm32mp157/stm32mp157.md
STM32MP157F-DK2,board,quickstart,Get Started with Yocto C,https://github.com/avnet-iotconnect/meta-iotconnect-docs/tree/main/Build/STM32MP1
STM32MP157F-DK2,board,quickstart,STM32MP157F-DK2 QuickStart for /IOTCONNECT (Greengrass),https://github.com/avnet-iotconnect/iotc-python-greengrass-demos/tree/main/stm32mp157f-dk2
STM32MP157F-DK2,board,doc,Using with ST SensorTile.box PRO (Bluetooth),https://github.com/avnet-iotconnect/iotc-python-examples/tree/main/MKBOXPRO_MP157F_Demo
STM32MP157F-DK2,board,doc,Using with ST Proteus (Bluetooth),https://github.com/avnet-iotconnect/iotc-python-examples/tree/main/PROTEUS_MP157F_Demo
STM32MP257F-DK,board,buy,Buy STM32MP257F-DK on Avnet,https://www.avnet.com/shop/us/products/stmicroelectronics/stm32mp257f-dk-3074457345659691930/
STM32MP257F-DK,board,quickstart,QuickStart Guide,https://github.com/avnet-iotconnect/meta-iotconnect-docs/blob/main/QuickStart/STM32MP257.md
STM32MP257F-DK,board,quickstart,STM32MP257F-DK QuickStart for /IOTCONNECT (Greengrass),https://github.com/avnet-iotconnect/iotc-python-greengrass-demos/tree/main/stm32mp257f-dk
STM32MP257F-EV1,board,buy,Buy STM32MP257F-EV1 on Avnet,https://www.avnet.com/shop/us/products/stmicroelectronics/stm32mp257f-ev1-3074457345659668899/
STM32MP257F-EV1,board,quickstart,QuickStart Guide,https://github.com/avnet-iotconnect/meta-iotconnect-docs/blob/main/QuickStart/STM32MP257.md
STM32MP257F-EV1,board,quickstart,QuickStart Guide (Abridged Webinar Version),https://github.com/avnet-iotconnect/meta-iotconnect-docs/blob/main/QuickStart/ST/STM32MP257/demo-iotc-x-linux-ai/QuickStart_Webinar.md
STM32MP257F-EV1,board,quickstart,STM32MP257F-EV1 QuickStart for /IOTCONNECT (Greengrass),https://github.com/avnet-iotconnect/iotc-python-greengrass-demos/tree/main/stm32mp257f-ev1
STM32MP257F-EV1,board,video,Video: Rapidly Create Vision-based Edge AI Solutions,https://players.brightcove.net/4598493563001/BkZJhSKu_default/index.html?videoId=6364751976112
STM32MP257F-EV1,board,video,Video: Vision AI Demo,https://players.brightcove.net/4598493563001/BkZJhSKu_default/index.html?videoId=6363657298112
STM32MP257F-EV1,board,video,Video: Edge AI,https://players.brightcove.net/4598493563001/BkZJhSKu_default/index.html?videoId=6363655095112
STM32N6570-DK,board,buy,Buy STM32N6570-DK on Avnet,https://www.avnet.com/shop/us/products/stmicroelectronics/stm32n6570-dk-3074457345660283716
STM32N6570-DK,board,quickstart,QuickStart Guide,https://github.com/avnet-iotconnect/iotc-stm32-n6-demos/blob/main/doc/QUICKSTART.md
STM32N6570-DK,board,blog,Blog: Unlocking the Power of EdgeAI,https://news.avnet.com/news-blog/news-blog-details/2024/Unlocking-the-Power-of-EdgeAI-Avnet-STMicroelectronics-and-AWS-team-up-to-show-the-power-of-the-STM32N6-MCU/default.aspx
US159-DA16200MEVZ,board,buy,Buy US159-DA16200MEVZ on Avnet,https://www.avnet.com/shop/us/products/renesas-electronics/us159-da16200mevz-3074457345649323747
US159-DA16200MEVZ,board,quickstart,QuickStart Guide,https://github.com/avnet-iotconnect/iotc-dialog-da16k-sdk/tree/main
US159-DA16600EVZ,board,quickstart,QuickStart Guide,https://github.com/avnet-iotconnect/iotc-dialog-da16k-sdk/tree/main
Arduino,manufacturer,buy,Purchase an Arduino Uno Q (Newark),https://www.newark.com/arduino/abx00162/uno-q-sbc-2gb-arm-cortex-a53-m33f/dp/59AM1209
Arduino,manufacturer,developer,Arduino UNO Q /IOTCONNECT Workshop Repository (iotc-arduino-uno-q-workshop),https://github.com/avnet-iotconnect/iotc-arduino-uno-q-workshop.git
Arduino,manufacturer,developer,Arduino UNO Q App Lab Repository - more supported apps (iotc-arduino-uno-q-app-lab),https://github.com/avnet-iotconnect/iotc-arduino-uno-q-app-lab
Arduino,manufacturer,demo,Workshop: Bring AI to life with Arduino UNO Q on /IOTCONNECT (AI Object Detection),https://github.com/avnet-iotconnect/avnet-iotconnect.github.io/blob/main/documentation/iotc-arduino-uno-q-workshop/README.md
Arduino,manufacturer,demo,Arduino UNO Q - Object Detection Dashboard Template (JSON),https://github.com/avnet-iotconnect/iotc-arduino-uno-q-app-lab/blob/main/app-configs/object-detection/obj-det-dashboard-template.json
Arduino,manufacturer,doc,Arduino UNO Q - App Lab Device Template (JSON) for /IOTCONNECT,https://github.com/avnet-iotconnect/iotc-arduino-uno-q-app-lab/blob/main/app-configs/arduino-app-lab-template.json
Infineon,manufacturer,buy,PSOC 62S1 pioneer kit: Buy CYW9P62S1-43438EVB-01,https://www.avnet.com/shop/us/products/infineon/cyw9p62s1-43438evb-01-3074457345644770735
Infineon,manufacturer,buy,PSOC 62S1 pioneer kit: Buy CYW9P62S1-43012EVB-01,https://www.newark.com/infineon/cyw9p62s1-43012evb-01/evaluation-kit-bluetooth-wifi/dp/63AK1530
Infineon,manufacturer,buy,PSOC 62S2 pioneer kit: Buy CY8CKIT-062S2-43012,https://www.avnet.com/shop/us/products/infineon/cy8ckit-062s2-43012-3074457345644457809
Infineon,manufacturer,developer,PSOC 62S1 pioneer kit: Developer Guide,https://github.com/avnet-iotconnect/avnet-iotc-mtb-basic-example/blob/main/DEVELOPER_GUIDE.md
Infineon,manufacturer,doc,PSOC 62S1 pioneer kit: GitHub Repository Root,https://github.com/avnet-iotconnect/avnet-iotc-mtb-basic-example
Infineon,manufacturer,info,Infineon on /IOTCONNECT,https://www.avnet.com/iotconnect/infineon
Microchip,manufacturer,info,Microchip on /IOTCONNECT,https://www.avnet.com/iotconnect/microchip
NXP,manufacturer,info,NXP on /IOTCONNECT,https://www.avnet.com/iotconnect/nxp
Renesas,manufacturer,info,Renesas on /IOTCONNECT,https://www.avnet.com/iotconnect/renesas
STMicroelectronics,manufacturer,developer,STM32 Greengrass Components Repository (iotc-python-greengrass-components),https://github.com/avnet-iotconnect/iotc-python-greengrass-components
STMicroelectronics,manufacturer,demo,AI Vision Demo on STM32MP Devices with AWS IoT Greengrass nucleus lite,https://github.com/avnet-iotconnect/avnet-iotconnect.github.io/blob/main/documentation/iotc-stm32mp1-ai-vision/README.md
STMicroelectronics,manufacturer,demo,STM32MP Vision AI Demo - Dynamic Dashboard Template (JSON),https://github.com/avnet-iotconnect/avnet-iotconnect.github.io/blob/main/documentation/iotc-stm32mp1-ai-vision/STM32MP-VisionAI-dashboard.json
STMicroelectronics,manufacturer,doc,STM32H7: Portenta H7 repository,https://github.com/avnet-iotconnect/iotc-arduino-pro-portenta-h7-demo
STMicroelectronics,manufacturer,doc,STM32MP Vision AI Demo - Device Template (JSON) for /IOTCONNECT,https://github.com/avnet-iotconnect/iotc-python-greengrass-components/blob/main/st-ai-vision/ai-vision-template.json
STMicroelectronics,manufacturer,info,STMicroelectronics on /IOTCONNECT,https://www.avnet.com/iotconnect/st
ARDUINO-UNO-Q,board,quickstart,Python Lite SDK — Arduino Uno Q QuickStart,https://github.com/avnet-iotconnect/iotc-python-lite-sdk-demos/tree/main/arduino-uno-q
MPFS-VIDEO-KIT,board,quickstart,Python Lite SDK — PolarFire Video Kit QuickStart,https://github.com/avnet-iotconnect/iotc-python-lite-sdk-demos/tree/main/microchip-polarfire-soc-vk
JETSON-ORIN,board,quickstart,Python Lite SDK — Jetson Orin QuickStart,https://github.com/avnet-iotconnect/iotc-python-lite-sdk-demos/tree/main/nvidia-jetson-orin
S32G-VNP-GLDBOX,board,quickstart,Python Lite SDK — GoldBox 3 QuickStart,https://github.com/avnet-iotconnect/iotc-python-lite-sdk-demos/tree/main/nxp-s32g-vnp-gldbox3
RPI5-4GB-SINGLE,board,quickstart,Python Lite SDK — Raspberry Pi 5 QuickStart,https://github.com/avnet-iotconnect/iotc-python-lite-sdk-demos/tree/main/raspberry-pi
RZ-G3E-EVK,board,quickstart,Python Lite SDK — RZ/G3E EVK QuickStart,https://github.com/avnet-iotconnect/iotc-python-lite-sdk-demos/tree/main/renesas-rzg3e-evk
RZ-V2H-EVK,board,quickstart,Python Lite SDK — RZ/V2H EVK QuickStart,https://github.com/avnet-iotconnect/iotc-python-lite-sdk-demos/tree/main/renesas-rzv2h-evk
STM32MP157F-DK2,board,quickstart,Python Lite SDK — STM32MP157F-DK2 QuickStart,https://github.com/avnet-iotconnect/iotc-python-lite-sdk-demos/tree/main/stm32mp157f-dk2
STM32MP215F-DK,board,quickstart,Python Lite SDK — STM32MP215F-DK QuickStart,https://github.com/avnet-iotconnect/iotc-python-lite-sdk-demos/tree/main/stm32mp215f-dk
STM32MP257F-DK,board,quickstart,Python Lite SDK — STM32MP257-DK QuickStart,https://github.com/avnet-iotconnect/iotc-python-lite-sdk-demos/tree/main/stm32mp257f-dk
STM32MP257F-EV1,board,quickstart,Python Lite SDK — STM32MP257-EV1 QuickStart,https://github.com/avnet-iotconnect/iotc-python-lite-sdk-demos/tree/main/stm32mp257f-ev1
AES-MC-SBC-IMX8M-G,board,quickstart,Python Lite SDK — MaaXBoard 8M QuickStart,https://github.com/avnet-iotconnect/iotc-python-lite-sdk-demos/tree/main/tria-maaxboard-8m
AES-MAAXB-8ULP-SK-G,board,quickstart,Python Lite SDK — MaaXBoard 8ULP QuickStart,https://github.com/avnet-iotconnect/iotc-python-lite-sdk-demos/tree/main/tria-maaxboard-8ulp
AES-QCS6490-DK-G,board,quickstart,Python Lite SDK — Vision AI-Kit 6490 QuickStart,https://github.com/avnet-iotconnect/iotc-python-lite-sdk-demos/tree/main/tria-vision-ai-kit-6490
AES-ZUB-1CG-DK-G,board,quickstart,Python Lite SDK — ZUBoard 1CG QuickStart,https://github.com/avnet-iotconnect/iotc-python-lite-sdk-demos/tree/main/tria-zuboard-1cg
MSC SM2S-IMX8PLUS,board,developer,Yocto Build Guide (mickledore),https://github.com/avnet-iotconnect/meta-iotconnect-docs/tree/main/Build/MSC-SM2S-IMX8Plus/mickledore
AES-MC-SBC-IMX8M-G,board,developer,Yocto Build Guide (kirkstone),https://github.com/avnet-iotconnect/meta-iotconnect-docs/tree/main/Build/MaaXBoard/kirkstone
AES-RZB-V2L-SK-G,board,developer,Yocto Build Guide (dunfell),https://github.com/avnet-iotconnect/meta-iotconnect-docs/tree/main/Build/RZBoardV2L/dunfell
AES-RZB-V2L-SK-G,board,demo,AI Camera Demo (Yocto),https://github.com/avnet-iotconnect/meta-iotconnect-docs/tree/main/QuickStart/Renesas/RZBoard-V2L/demo-iotc-ai-camera
RPI5-4GB-SINGLE,board,developer,Yocto Build Guide,https://github.com/avnet-iotconnect/meta-iotconnect-docs/tree/main/Build/RaspberryPi
ATSAMA5D27-SOM1-EK1,board,developer,Yocto Build Guide (kirkstone),https://github.com/avnet-iotconnect/meta-iotconnect-docs/tree/main/Build/SAMA5D2/kirkstone
STM32MP157F-DK2,board,developer,Yocto Build Guide (STM32MP1),https://github.com/avnet-iotconnect/meta-iotconnect-docs/tree/main/Build/STM32MP1
STM32MP135F-DK,board,developer,Yocto Build Guide (STM32MP1),https://github.com/avnet-iotconnect/meta-iotconnect-docs/tree/main/Build/STM32MP1
STM32MP257F-EV1,board,developer,Yocto Build Guide (mickledore),https://github.com/avnet-iotconnect/meta-iotconnect-docs/tree/main/Build/STM32MP257-EV1/mickledore
STM32MP257F-DK,board,demo,X-LINUX-AI Vision Demo (Yocto),https://github.com/avnet-iotconnect/meta-iotconnect-docs/tree/main/QuickStart/ST/STM32MP257/demo-iotc-x-linux-ai
